Catchment ID,River,Receiving Sea,Continent,Catchment Area [km²], MMPW Generation per capita [kg d-1],Population,MMPW generated in the catchment [tons y-1],Microplastic load Model 1 [tons y-1] ,Microplastic load Model 2 [tons y-1] ,Macroplastic load  [tons y-1] 
330,Chang Jiang (Yangtze River) , East China Sea (Yellow Sea),Asia,1907295,0.092,503258473,16883704,1469481,85440,69282
348,Indus,Arabian Sea,Asia,854106,0.069,191277131,4809288,164332,12378,11977
301,Huang He (Yellow River),Yellow Sea,Asia,761437,0.092,122167489,4098569,124249,9678,9561
292,Hai He,Yellow Sea,Asia,211489,0.092,102782394,3448223,91858,7434,7515
628,Nile,Mediterranean,Africa,2851708,0.049,182955620,3293385,84792,6919,7043
358,"Meghna, Bramaputra, Ganges",Bay of Bengal,Asia,1571571,0.013,620596218,3017170,72845,6039,6230
368,Zhujiang (Pearl River),South China Sea,Asia,388705,0.092,74999426,2515374,52958,4577,4823
275,Amur,Sea of Okhotsk,Asia,2004785,0.089,64344272,2086763,38267,3429,3708
678,Niger,Gulf of Guinea,Africa,2090967,0.059,92689954,1989695,35196,3185,3469
437,Mekong,South China Sea,Asia,771941,0.086,61740094,1931483,33431,3044,3330
1108,Shatt el Arab/Karun,Persian Gulf,Asia,820868,0.07,61232244,1571737,23327,2220,2500
697,Congo,Atlantic,Africa,3661637,0.035,89537762,1144769,13446,1363,1606
349,Luni,Arabian Sea,Asia,318613,0.036,65281515,869632,8341,893,1090
413,Chao Phraya,Gulf of Thailand,Asia,143833,0.108,17861106,704770,5782,648,813
659,Ogun,Gulf of Guinea,Africa,48189,0.085,21976178,680988,5445,615,775
399,Irrawaddy,Bay of Bengal,Asia,375476,0.062,28593507,642012,4914,562,713
760,Limpopo,Indian,Africa,406177,0.115,14934099,628087,4729,544,692
384,Song Hong,South China Sea,Asia,138517,0.091,17676842,585055,4179,488,627
1432,Paraná,Atlantic,South America,2588032,0.018,81631184,548225,3729,441,573
838,Danube,Black Sea,Europe,784988,0.019,79590473,546007,3704,438,569
767,Orange,Atlantic,Africa,883439,0.113,13131771,542204,3658,433,564
835,Dnepr,Black Sea,Europe,505091,0.043,30127100,477074,2929,356,471
736,Zambezi,Indian,Africa,1348383,0.034,38418115,475943,2917,355,470
286,Liaohe,Yellow Sea,Asia,27863,0.092,13435495,450744,2652,326,435
332,Qiantangjiang,East China Sea,Asia,43481,0.092,12183456,408740,2233,281,380
1291,Magdalena,Caribbean,South America,259618,0.034,32086273,394390,2097,265,362
433,Sai Gon,South China Sea,Asia,29642,0.09,10856019,355868,1753,227,313
448,Mahaweli Ganga,Indian,Asia,10118,0.299,3096486,338207,1604,209,292
409,Pasig,South China Sea,Oceania,4020,0.062,14558400,328629,1526,201,280
459,Kelani Ganga,Indian,Asia,2315,0.299,2995987,327230,1515,199,278
676,Cross,Gulf of Guinea,Africa,52471,0.08,10696166,314127,1411,187,263
1340,Amazon,Atlantic,South America,5888264,0.029,29447138,309437,1374,183,258
335,Minjiang,East China Sea,Asia,60785,0.092,9141579,306689,1353,180,254
304,Xiaoqinghe,Yellow Sea,Asia,10850,0.092,8197772,275025,1119,153,218
402,Krishna,Bay of Bengal,Asia,257908,0.009,81072565,259363,1011,139,201
326,Majiahe,Yellow Sea,Asia,12130,0.092,7686314,257866,1001,138,199
297,Tuhaihe,Yellow Sea,Asia,14368,0.092,7314781,245402,917,128,186
414,"Khlong Phum Duang, Bangpakhlong",Gulf of Thailand,Asia,21922,0.108,6110127,241121,890,125,181
665,Volta,Gulf of Guinea,Africa,410993,0.027,24357445,235605,855,120,175
291,Luanhe,Yellow Sea,Asia,45787,0.092,7008467,235125,852,120,175
398,Salween,Bay of Bengal,Asia,264698,0.082,7713627,229982,819,116,170
1457,"Ob', Shchuch'ya",Kara Sea,Asia,2463489,0.024,25562961,226198,796,113,166
355,Hanjiang,South China Sea,Asia,29334,0.092,6679563,224091,783,111,163
397,Godavari,Bay of Bengal,Asia,309453,0.009,68527934,219231,753,108,159
542,Bengawan Solo,Java Sea,Oceania,15769,0.047,12468726,214236,724,104,154
834,Don,Black Sea,Asia,434700,0.03,18701952,204728,669,97,144
381,Thai Binh,South China Sea,Asia,13173,0.09,6067166,199184,638,93,139
534,Citarum,Java Sea,Oceania,6680,0.047,11466460,197016,626,91,137
545,Porong,Java Sea,Oceania,11079,0.047,11143474,191466,595,87,131
1281,Mississippi,Gulf of Mexico,North America,3183253,0.007,76749197,187183,572,84,127
661,Oueme,Gulf of Guinea,Africa,59657,0.058,8245384,173198,499,75,114
333,Oujiang,East China Sea,Asia,17180,0.092,5002466,167827,473,71,109
946,Rhine,North Sea,Europe,162207,0.009,49137205,167825,473,71,109
339,Jinjiang,East China Sea,Asia,5592,0.092,4835719,162232,446,68,104
287,Yalujiang,Yellow Sea,Asia,62295,0.074,5850667,158909,430,66,101
802,Asi,Mediterranean,Eurasia,23630,0.095,4386593,152783,401,62,96
377,Jianjiang,South China Sea,Asia,8935,0.092,4458423,149575,387,60,93
54,"Grijalva, Usumacinta",Gulf of Mexico,North America,123226,0.051,7995016,149057,384,59,92
460,Kalu Ganga,Indian,Asia,2929,0.299,1350718,147529,377,58,91
285,Dalinghe,Yellow Sea,Asia,23476,0.092,4349329,145915,370,57,90
85,Motagua,Caribbean,North America,16271,0.104,3826484,144841,365,57,89
674,Sassandra,Gulf of Guinea,Africa,75015,0.082,4663817,139119,341,53,84
294,Taedong,Yellow Sea,Asia,19421,0.048,7827066,137469,333,52,83
343,Jiulongjiang,South China Sea,Asia,13795,0.092,4082694,136969,331,52,82
671,Bandama,Gulf of Guinea,Africa,98836,0.086,4358161,136066,328,52,81
453,Deduru Oya,Indian,Asia,3459,0.299,1233904,134771,322,51,80
954,Vistula,Baltic Sea,Europe,192237,0.016,23306051,133616,317,50,79
689,Shebelle,Indian,Africa,742115,0.019,19096157,133365,316,50,79
508,Musi,Karimata Strait,Oceania,54605,0.047,7637364,131224,308,49,77
617,Chéliff,Mediterranean,Africa,44437,0.086,4152002,130543,305,48,77
406,Pampanga,South China Sea,Oceania,9454,0.062,5303401,119714,262,42,68
668,Agneby,Gulf of Guinea,Africa,10956,0.086,3785818,118217,257,42,67
373,Nanliujiang,South China Sea,Asia,9242,0.092,3495422,117267,253,41,66
623,Sebou,Atlantic,Africa,37803,0.049,6481488,116166,249,41,65
456,Maha Oya,Indian,Asia,1509,0.299,1032712,112796,236,39,63
639,Sine,Atlantic,Africa,32803,0.086,3556451,111516,232,38,62
748,Save,Indian,Africa,102295,0.087,3357019,106027,212,35,57
427,Cauweri,Bay of Bengal,Asia,78063,0.009,31342715,100270,192,32,53
383,Mahanadi,Bay of Bengal,Asia,135158,0.009,31202226,99821,191,32,53
664,Osse,Gulf of Guinea,Africa,14039,0.085,3192031,98918,188,32,52
1305,Orinoco,Atlantic,South America,934340,0.023,11667113,95830,178,30,50
771,Tugela,Indian,Africa,29154,0.134,1957958,95587,177,30,50
100,Lempa,Pacific,North America,17997,0.057,4546162,94758,174,30,49
386,Ma,South China Sea,Asia,29513,0.087,2954523,93803,171,29,48
638,Senegal,Atlantic,Africa,442393,0.036,7168838,93461,170,29,48
1380,Saõ Francisco,Atlantic,South America,634841,0.017,14611410,92211,166,28,47
817,Sakarya,Black Sea,Eurasia,62544,0.039,6453466,92119,166,28,47
774,Umgeni,Indian,Africa,4469,0.134,1810517,88427,154,27,45
457,Mindanao,Celebes Sea,Oceania,19979,0.062,3896579,87958,153,26,44
1202,St. Lawrence,G. St. Lawrence,North America,847515,0.005,51543674,87812,153,26,44
390,Ca,South China Sea,Asia,27246,0.088,2726821,87620,152,26,44
396,Sittang,Andaman Sea,Asia,33964,0.066,3525765,85091,144,25,42
607,Majardah,Mediterranean,Africa,23176,0.088,2545477,81468,134,23,40
837,Dniester,Black Sea,Europe,72825,0.031,7233976,80792,132,23,39
669,Mé/Comoe,Gulf of Guinea,Africa,82763,0.071,3114061,80231,130,23,39
29,Santiago,Pacific,North America,122343,0.012,17429291,77992,124,22,37
407,Angat,South China Sea,Oceania,576,0.062,3428873,77400,122,22,37
108,San Juan,Caribbean,North America,41052,0.061,3449436,76643,120,21,36
1461,Yenisei,Kara Sea,Asia,2451512,0.028,7367166,75784,118,21,36
366,Damodar,Bay of Bengal,Asia,37698,0.009,23688874,75784,118,21,36
393,Cagayan,Pacific,Oceania,27620,0.062,3342510,75451,117,21,36
296,Guanhe,Yellow Sea,Asia,4773,0.092,2175912,72999,110,20,34
93,Naranjo,Pacific,North America,3002,0.105,1899728,72706,110,20,34
609,Kebir,Mediterranean,Africa,8811,0.086,2309454,72611,109,20,34
537,Cimanuk,Indian,Oceania,3676,0.047,4173683,71712,107,19,33
682,Sanaga,Gulf of Guinea,Africa,133045,0.038,5041884,70340,103,19,32
613,El Harrach,Mediterranean,Africa,1098,0.086,2230455,70128,103,19,32
706,Cuanza,Atlantic,Africa,149487,0.045,4221276,69642,102,18,32
282,Tumenjiang,Sea of Japan,Asia,33227,0.073,2587219,69320,101,18,32
284,Xiaolinghe,Yellow Sea,Asia,5043,0.092,2045802,68634,99,18,31
950,Oder,Baltic Sea,Europe,118445,0.012,15718979,68174,98,18,31
763,Incomati,Indian,Africa,46630,0.089,2083072,67803,97,18,31
614,Soumman,Mediterranean,Africa,9127,0.086,2037551,64063,88,16,28
673,Pra,Gulf of Guinea,Africa,23087,0.032,5380704,63760,87,16,28
372,Narmada,Arabian Sea,Asia,95804,0.009,19657661,62888,85,16,28
1119,Wadi Mawr,Red Sea,Eurasia,8728,0.077,2228604,62331,84,16,27
379,Tapti,Arabian Sea,Asia,64161,0.009,19427853,62153,83,15,27
461,Walawe Ganga,Indian,Asia,2502,0.299,567701,62006,83,15,27
820,Kizil Irmark,Black Sea,Eurasia,75451,0.039,4339231,61939,83,15,27
626,Oum Er Rbia,Atlantic,Africa,35377,0.049,3416258,61229,81,15,27
365,Tanjiang,South China Sea,Asia,5087,0.092,1804045,60523,79,15,26
535,Bekasi,Java Sea,Oceania,1347,0.047,3506504,60248,79,15,26
338,Hab,Arabian Sea,Asia,9950,0.09,1819752,59963,78,15,26
949,Elbe,North Sea,Europe,137991,0.007,21880013,59428,77,14,25
400,Agno,South China Sea,Oceania,6641,0.062,2567226,57950,74,14,25
693,Galana,Indian,Africa,38277,0.023,6977477,57780,73,14,25
836,Yuzhny Bug,Black Sea,Europe,63551,0.052,3055532,57751,73,14,24
840,Évros,Mediterranean,Europe,52387,0.046,3458578,57710,73,14,24
415,Mae Klong,Gulf of Thailand,Asia,28547,0.108,1457087,57400,72,14,24
547,Citanduy,Indian,Oceania,3757,0.047,3282512,56400,70,13,24
1337,Esmeraldas,Pacific,South America,21530,0.047,3297668,56360,70,13,24
80,Ulua,Caribbean,North America,21803,0.079,1958077,56336,70,13,24
844,Axiós,Mediterranean,Europe,24465,0.072,2118269,56020,69,13,23
1348,"Taura, Guayas",Pacific,South America,32538,0.047,3272737,55934,69,13,23
670,Bias/Tano,Gulf of Guinea,Africa,28032,0.051,3030950,55917,69,13,23
66,Balsas,Pacific,North America,111118,0.012,12209341,54634,66,13,23
305,Weihe,Yellow Sea,Asia,3631,0.092,1619625,54336,66,13,23
481,Langat,Mallaca Strait,Asia,2131,0.112,1322912,54142,65,12,22
385,Nandujiang,South China Sea,Asia,7105,0.092,1497355,50234,57,11,20
1117,Wadi Zabid,Arabian Sea,Eurasia,4930,0.077,1786808,49975,57,11,20
473,Perak,Mallaca Strait,Asia,14809,0.112,1219318,49899,57,11,20
1116,Wadi Tuban,Arabian Sea,Eurasia,6016,0.077,1774607,49634,56,11,20
627,Tensift,Atlantic,Africa,20105,0.049,2713819,48639,54,11,19
781,Umzimvubu,Indian,Africa,19883,0.133,995693,48475,54,11,19
369,Sabarmati,Arabian Sea,Asia,29906,0.009,15025272,48068,53,10,19
450,Kala Oya,Indian,Asia,2861,0.299,437491,47784,53,10,19
691,Tana,Indian,Africa,94824,0.023,5732318,47577,52,10,19
446,Aruvi Aru,Indian,Asia,3331,0.299,429285,46888,51,10,18
102,Choluteca,Pacific,North America,8058,0.079,1616645,46451,50,10,18
500,Hari,Karimata Strait,Oceania,42490,0.047,2611470,44870,47,9,17
679,Cavally,Atlantic,Africa,29495,0.077,1506294,42583,43,9,16
1105,Mand,Persian Gulf,Eurasia,40194,0.074,1549812,42136,42,8,16
380,Brahmani,Bay of Bengal,Asia,51280,0.009,13040513,41719,42,8,16
441,Tapi,Gulf of Thailand,Asia,12823,0.108,1050185,41443,41,8,15
10,Rio Grande,Gulf of Mexico,North America,475017,0.011,10587319,41388,41,8,15
552,Progo,Indian,Oceania,2222,0.047,2404470,41313,41,8,15
956,Nemanus,Baltic Sea,Europe,92196,0.024,4763589,41247,41,8,15
816,Kocaçay,Sea of Marmara,Eurasia,23441,0.039,2871990,40996,40,8,15
1417,Paraiba do Sul,Atlantic,South America,57087,0.017,6435343,40613,40,8,15
640,Gambia,Atlantic,Africa,72345,0.062,1769772,39807,38,8,15
334,Jiaoxi,East China Sea,Asia,5570,0.092,1182280,39664,38,8,14
370,Mahi,Arabian Sea,Asia,33995,0.009,12127800,38799,37,7,14
1115,Wadi Bana,Arabian Sea,Eurasia,7769,0.077,1379838,38592,36,7,14
497,Inderagiri,South China Sea,Oceania,17362,0.047,2222447,38186,36,7,14
553,Opak,Indian,Oceania,1462,0.047,2208609,37948,35,7,14
476,Pahang,South China Sea,Asia,28738,0.112,922069,37737,35,7,14
371,Moyangjiang,South China Sea,Asia,4927,0.092,1113451,37355,34,7,13
765,Maputo,Indian,Africa,30228,0.076,1314841,36650,33,7,13
624,Bou Regreg,Atlantic,Africa,9889,0.049,2043035,36617,33,7,13
610,Seybousse,Mediterranean,Africa,6334,0.086,1163866,36593,33,7,13
532,Sekampung,Java Sea,Oceania,4761,0.047,2117989,36391,33,7,13
410,Penner,Bay of Bengal,Asia,54705,0.009,11375180,36391,33,7,13
622,Moulouya,Mediterranean,Africa,54217,0.051,1894731,35525,31,7,12
548,Purari,Gulf of Papua,Oceania,31552,0.09,1083517,35428,31,6,12
1429,Uruguay,Atlantic,South America,265785,0.019,4966016,34970,30,6,12
637,Wadi Baraka,Red Sea,Africa,63771,0.043,2233200,34790,30,6,12
452,Maduru Oya,Indian,Asia,1746,0.299,318162,34751,30,6,12
417,Ba,South China Sea,Asia,13163,0.09,1057628,34722,30,6,12
662,Mono,Gulf of Guinea,Africa,23988,0.044,2137376,34709,30,6,12
766,Umfolozi,Indian,Africa,10036,0.134,704121,34390,30,6,12
1386,Rimac,Pacific,South America,3291,0.039,2350745,33207,28,6,11
641,Casamance,Atlantic,Africa,14811,0.085,1060260,33000,28,6,11
530,Seputih,Java Sea,Oceania,7041,0.047,1913048,32870,27,6,11
113,Grande de Tarcoles,Pacific,North America,2136,0.047,1884689,31996,26,6,11
387,Nam San,South China Sea,Asia,1619,0.09,968734,31803,26,5,11
811,Büyük Menderes,Mediterranean,Eurasia,24238,0.039,2221708,31713,26,5,11
701,Rufiji,Indian,Africa,176394,0.02,4341147,31534,25,5,11
731,Cunene,Atlantic,Africa,108563,0.045,1905699,31468,25,5,10
821,Yesil Irmak,Black Sea,Eurasia,36309,0.039,2202783,31443,25,5,10
948,Weser,North Sea,Europe,44881,0.01,8746316,30918,25,5,10
858,Drini,Mediterranean,Europe,16422,0.047,1813515,30793,24,5,10
523,Sepik,Pacific,Oceania,79780,0.089,941358,30492,24,5,10
608,Sebaou,Mediterranean,Africa,2505,0.086,963896,30306,24,5,10
443,"Agusan, Agus",Sulu Sea,Oceania,11929,0.062,1337980,30202,24,5,10
785,Great Kei,Indian,Africa,20506,0.134,610695,29827,23,5,10
804,Ceyhan,Mediterranean,Eurasia,21127,0.039,2066745,29501,23,5,10
82,Polochic,Caribbean,North America,8727,0.105,768426,29409,23,5,10
496,Kapuas,Karimata Strait,Oceania,83504,0.047,1701801,29297,22,5,9
630,Souss,Atlantic,Africa,17275,0.049,1630454,29222,22,5,9
1347,Tocantins,Atlantic,South America,769445,0.017,4598354,29020,22,5,9
805,Seyhan,Mediterranean,Eurasia,20666,0.039,2010154,28693,22,5,9
374,Subarnarekha,Bay of Bengal,Asia,19385,0.009,8831386,28253,21,5,9
412,Bicol,Pacific,Oceania,2895,0.062,1247262,28155,21,5,9
401,Thu-Bon,South China Sea,Asia,9509,0.09,852913,27990,21,5,9
813,Gediz,Mediterranean,Eurasia,16670,0.039,1912133,27294,20,4,9
1430,Maipo,Pacific,South America,15094,0.011,6929279,26824,19,4,8
1295,Tuy,Caribbean,South America,6579,0.017,4208185,26756,19,4,8
625,Mellah,Atlantic,Africa,3803,0.049,1463812,26236,18,4,8
619,Tafna,Mediterranean,Africa,7264,0.07,990413,25205,17,4,8
1440,Colorado,Atlantic,South America,294073,0.026,2617538,25066,17,4,8
464,Kelantan,South China Sea,Asia,13110,0.112,607651,24869,17,4,8
529,Tulangbawang,Java Sea,Oceania,9669,0.047,1444023,24811,17,4,7
89,Samala,Pacific,North America,1500,0.105,637799,24410,16,4,7
419,Palar,Bay of Bengal,Asia,17926,0.009,7574961,24233,16,4,7
493,Siak,Mallaca Strait,Oceania,11593,0.047,1391799,23914,16,4,7
1351,Parnaiba,Atlantic,South America,331567,0.017,3785968,23893,16,4,7
1118,Wadi Siham,Red Sea,Eurasia,4721,0.077,843508,23592,15,3,7
288,Dayanghe,Yellow Sea,Asia,5837,0.092,702523,23569,15,3,7
26,"Tamesi, Panuco",Gulf of Mexico,North America,85613,0.012,5259002,23533,15,3,7
463,Pattani,Gulf of Thailand,Asia,3923,0.108,592928,23403,15,3,7
45,Artibonite,Caribbean,North America,8860,0.044,1449848,23096,15,3,7
488,Murar,Mallaca Strait,Asia,6042,0.112,560997,22960,15,3,7
768,Umhlantuzi,Indian,Africa,3658,0.134,463683,22647,14,3,7
1103,Kul,Straight of Hormuz,Eurasia,42039,0.074,831597,22609,14,3,7
451,Mi Oya,Indian,Asia,1498,0.299,206867,22595,14,3,7
694,Kouilou,Atlantic,Africa,59496,0.054,1131112,22320,14,3,6
455,Gal Oya,Indian,Asia,1715,0.299,203106,22184,14,3,6
942,Seine,Atlantic,Europe,73378,0.004,15788028,22014,14,3,6
498,Mahakam,Celebes Sea,Oceania,76089,0.047,1278723,21973,14,3,6
86,Coco,Caribbean,North America,24510,0.067,881340,21698,13,3,6
833,Kuban,Black Sea,Asia,52086,0.02,2882564,21533,13,3,6
539,Serang,Java Sea,Oceania,1368,0.047,1244229,21378,13,3,6
1266,Colorado,Gulf of California,North America,620595,0.007,8476678,21236,13,3,6
696,Pangani,Indian,Africa,40306,0.02,2890060,21063,13,3,6
611,Isser,Mediterranean,Africa,4134,0.086,663991,20877,12,3,6
494,Kampar,Mallaca Strait,Oceania,20298,0.047,1199893,20616,12,3,6
634,Draa,Atlantic,Africa,94179,0.049,1147138,20592,12,3,6
959,Daugava,Baltic Sea,Europe,84374,0.023,2426329,20514,12,3,6
1332,Patia,Pacific,South America,22321,0.034,1639512,20434,12,3,6
466,Muda,Mallaca Strait,Asia,4244,0.112,496836,20332,12,3,6
680,Wouri,Gulf of Guinea,Africa,12183,0.038,1455793,20307,12,3,6
656,Moa,Atlantic,Africa,19567,0.032,1744187,20306,12,3,6
1110,Wadi Masilah,Arabian Sea,Eurasia,46187,0.077,723299,20230,12,3,6
422,Ponnaiyar,Bay of Bengal,Asia,13763,0.009,6286079,20110,12,3,6
1067,Thames,North Sea,Europe,13347,0.004,12862042,20084,12,3,6
964,Neva,Baltic Sea,Asia,238902,0.016,3421965,19937,11,3,6
945,Maas,North Sea,Europe,32784,0.006,8533080,19908,11,3,5
1095,Dasht,Arabian Sea,Asia,30973,0.089,614534,19884,11,3,5
477,Selangor,Mallaca Strait,Asia,1897,0.112,483418,19785,11,3,5
1414,Doce,Atlantic,South America,82689,0.017,3129998,19753,11,3,5
1106,Hellah,Persian Gulf,Eurasia,10670,0.074,721874,19626,11,3,5
1302,Catatumbo,Caribbean,South America,27438,0.03,1788917,19551,11,3,5
667,Cess,Atlantic,Africa,12730,0.076,700915,19549,11,3,5
786,Groot Berg,Atlantic,Africa,7794,0.134,396075,19345,11,3,5
495,Landek,Karimata Strait,Oceania,9076,0.047,1119624,19237,11,3,5
672,Boubo,Gulf of Guinea,Africa,7985,0.086,614187,19179,11,3,5
902,Rhone,Mediterranean,Europe,95296,0.005,10331052,19087,11,2,5
683,Nyong,Gulf of Guinea,Africa,27764,0.038,1366866,19067,11,2,5
778,Umzimkulu,Indian,Africa,6727,0.134,389825,19007,11,2,5
726,Ikopa,Indian,Africa,55998,0.013,3885333,18992,10,2,5
389,Changhuajiang,South China Sea,Asia,5027,0.092,564709,18945,10,2,5
528,Cenrana,Java Sea,Oceania,7348,0.047,1099255,18887,10,2,5
39,Yaque del Norte,Atlantic,North America,7068,0.039,1306183,18758,10,2,5
710,Cuvo,Atlantic,Africa,22818,0.045,1132827,18689,10,2,5
655,Sewa,Atlantic,Africa,18462,0.035,1469558,18531,10,2,5
83,Patuca,Caribbean,North America,23428,0.079,642381,18472,10,2,5
1229,Delaware,Atlantic,North America,28621,0.007,7542974,18397,10,2,5
677,St. Pedro,Gulf of Guinea,Africa,3370,0.086,588436,18375,10,2,5
489,Rokan,Mallaca Strait,Oceania,19143,0.047,1059864,18210,10,2,5
795,Breede,Indian,Africa,12507,0.134,366329,17892,9,2,5
1107,Zohreh,Persian Gulf,Eurasia,14475,0.074,647537,17605,9,2,5
104,Grande de Matagalpa,Caribbean,North America,18376,0.066,716920,17377,9,2,5
615,Mazafran,Mediterranean,Africa,2039,0.086,544767,17128,9,2,4
404,Tra-Khuc,Pacific,Asia,3514,0.09,520732,17096,9,2,4
865,Po,Mediterranean,Europe,72469,0.003,16401744,17076,9,2,4
1203,Columbia,Pacific,North America,653066,0.006,7285004,16912,9,2,4
695,Chiloango,Atlantic,Africa,12997,0.04,1157405,16900,9,2,4
663,St. John,Atlantic,Africa,16158,0.061,750227,16744,8,2,4
536,Tjipunagara,Java Sea,Oceania,1436,0.047,971299,16689,8,2,4
517,Murung,Java Sea,Oceania,60352,0.047,958658,16472,8,2,4
709,Rovuma,Indian,Africa,154716,0.018,2518777,16438,8,2,4
666,Ayensu,Gulf of Guinea,Africa,2620,0.032,1382046,16377,8,2,4
783,Bashee,Indian,Africa,6094,0.134,333204,16274,8,2,4
445,Yan Oya,Indian,Asia,1655,0.299,147813,16145,8,2,4
660,St. Paul,Atlantic,Africa,20321,0.044,1012142,16133,8,2,4
1423,Jacuí,Atlantic,South America,71718,0.017,2547248,16075,8,2,4
290,Cheongchun,Yellow Sea,Asia,5724,0.048,908733,15960,8,2,4
97,Paz,Pacific,North America,2177,0.07,621008,15946,8,2,4
612,Miliane,Mediterranean,Africa,2313,0.088,492768,15871,8,2,4
458,Davai,Pacific,Oceania,1724,0.062,693739,15660,7,2,4
95,Achigate,Pacific,North America,1192,0.105,397261,15204,7,2,4
430,Bharathpuzha,Arabian Sea,Asia,6162,0.009,4745373,15181,7,2,4
1277,Trinity,Gulf of Mexico,North America,46078,0.007,6185419,15086,7,2,4
479,Asahan,Mallaca Strait,Oceania,5607,0.047,865217,14866,7,2,4
1237,"Sacramento, San Joaquin",San Francisco Bay,North America,124453,0.007,6049696,14755,7,2,4
303,Han,Yellow Sea,Asia,25259,0.002,16513530,14546,7,2,4
90,Nahualate,Pacific,North America,1543,0.105,378852,14499,7,2,4
922,Tagus,Atlantic,Europe,70396,0.005,7211560,14459,7,2,3
812,Küçük Menderes,Mediterranean,Eurasia,3421,0.039,1006604,14369,6,2,3
1362,Jaguaribe,Atlantic,South America,73173,0.017,2211277,13955,6,2,3
424,Da Nhim,South China Sea,Asia,3005,0.09,422064,13856,6,2,3
842,Strimonas,Mediterranean,Europe,16766,0.04,939084,13767,6,2,3
1093,Hingol,Arabian Sea,Asia,34498,0.09,411984,13575,6,1,3
78,Aguan,Caribbean,North America,10730,0.079,471511,13566,6,1,3
1301,Sinú,Caribbean,South America,14007,0.034,1099468,13515,6,1,3
772,Umvoti,Indian,Africa,2721,0.134,276365,13498,6,1,3
518,Barito,Java Sea,Oceania,3775,0.047,783615,13464,6,1,3
469,Padas,South China Sea,Asia,9163,0.112,326170,13348,6,1,3
162,Rewa,Pacific,Oceania,3044,0.151,241245,13260,6,1,3
46,Yuna,Atlantic,North America,5478,0.039,914049,13126,6,1,3
1404,Vitor,Pacific,South America,13535,0.039,925514,13074,5,1,3
465,Kinabatangan,South China Sea,Asia,16021,0.112,316321,12946,5,1,3
698,Wami,Indian,Africa,41382,0.02,1762817,12805,5,1,3
421,Cai,South China Sea,Asia,1906,0.09,387203,12712,5,1,3
300,Imjin,Yellow Sea,Asia,8120,0.027,1259995,12606,5,1,3
827,Rioni,Black Sea,Eurasia,13467,0.035,977365,12575,5,1,3
521,Sadang,Karimata Strait,Oceania,6438,0.047,730465,12551,5,1,3
485,Alas,Indian,Oceania,11895,0.047,729365,12532,5,1,3
807,Göksu,Mediterranean,Eurasia,10389,0.039,871991,12447,5,1,3
620,Loukos,Atlantic,Africa,3727,0.049,688581,12341,5,1,3
1253,Los Angeles,Pacific,North America,2031,0.007,5044039,12302,5,1,3
1366,Piura,Pacific,South America,9528,0.039,846683,11960,5,1,3
337,Tanshui,Taiwan Strait,Asia,2694,0.006,5787610,11913,5,1,3
96,Los Esclavos,Pacific,North America,2048,0.105,308230,11797,5,1,3
742,Buzi,Indian,Africa,28489,0.024,1313136,11709,5,1,3
754,Swakop,Atlantic,Africa,29377,0.097,330700,11686,5,1,3
648,Konkoure,Atlantic,Africa,16735,0.025,1255690,11644,4,1,3
618,Mharhar,Atlantic,Africa,1133,0.049,648983,11632,4,1,3
705,Bengo,Atlantic,Africa,10980,0.045,701174,11568,4,1,3
101,Grande de San Miguel,Pacific,North America,2331,0.051,624393,11564,4,1,3
859,Neretva,Mediterranean,Europe,5933,0.056,558617,11456,4,1,3
740,Tsiribihina,Indian,Africa,47871,0.013,2337861,11428,4,1,3
818,Filyos,Black Sea,Eurasia,13354,0.039,797500,11384,4,1,3
632,Wadi Ghoweibba,Red Sea,Africa,2922,0.122,254902,11333,4,1,2
940,Loire,Atlantic,Europe,116922,0.004,7950257,11087,4,1,2
395,Abra,South China Sea,Oceania,4955,0.062,491090,11085,4,1,2
1063,Trent,North Sea,Europe,11751,0.004,7090326,11072,4,1,2
92,Coyolate,Pacific,North America,1496,0.105,283095,10835,4,1,2
651,Little Scarcies,Atlantic,Africa,18551,0.032,913927,10795,4,1,2
825,Chorokhi,Black Sea,Eurasia,22022,0.038,769387,10764,4,1,2
643,Geba,Atlantic,Africa,12312,0.06,490209,10724,4,1,2
88,Suchiate,Pacific,North America,1409,0.086,340130,10722,4,1,2
314,Tone,Pacific,Asia,15917,0.003,8611489,10696,4,1,2
1270,Mobile,Gulf of Mexico,North America,112478,0.007,4360382,10635,4,1,2
1225,Hudson,Atlantic,North America,34850,0.007,4349396,10608,4,1,2
484,Rajang,South China Sea,Asia,45210,0.112,259003,10595,4,1,2
50,Papaloapán,Gulf of Mexico,North America,39534,0.012,2364566,10581,4,1,2
1363,Chira,Pacific,South America,17683,0.041,684009,10281,4,1,2
324,Yodo,Pacific,Asia,7706,0.003,8235462,10229,4,1,2
1385,Chillon,Pacific,South America,2188,0.039,721427,10191,4,1,2
1372,Capiberibe,Atlantic,South America,7497,0.017,1613651,10184,4,1,2
435,Ilog,Sulu Sea,Oceania,2101,0.062,449434,10145,4,1,2
524,Ramu,Pacific,Oceania,17745,0.09,310203,10143,4,1,2
814,Bakir,Mediterranean,Eurasia,3376,0.039,709272,10124,4,1,2
425,Panay,Sulu Sea,Oceania,2096,0.062,441126,9958,3,1,2
416,Petch,Gulf of Thailand,Asia,4606,0.108,252353,9949,3,1,2
1019,Severnaya Dvina,Arctic,Asia,347484,0.02,1331289,9943,3,1,2
1333,Mira,Pacific,South America,10469,0.044,616777,9890,3,1,2
1230,Susquehanna,Chesapeake Bay,North America,71076,0.007,4049767,9877,3,1,2
653,Wadi Nugaal,Indian,Africa,64429,0.047,577949,9827,3,1,2
775,Umkomazi,Indian,Africa,4434,0.133,201383,9811,3,1,2
554,Fly,Gulf of Papua,Oceania,63435,0.089,301434,9791,3,1,2
440,Vaigai,Bay of Bengal,Asia,6687,0.009,3003840,9610,3,1,2
1254,Santa Ana,Pacific,North America,6411,0.007,3866664,9431,3,1,2
947,Ems,North Sea,Europe,12146,0.01,2642843,9342,3,1,2
336,Porali,Arabian Sea,Asia,13294,0.09,278215,9168,3,1,2
1114,Wadi Hassan,Arabian Sea,Eurasia,3250,0.077,326291,9126,3,1,2
1278,Apalachicola,Gulf of Mexico,North America,50712,0.007,3717707,9067,3,1,2
675,Ankobra,Gulf of Guinea,Africa,8443,0.032,762584,9036,3,1,2
376,Bhadar,Arabian Sea,Asia,10445,0.009,2814358,9004,3,1,2
434,Periyar,Arabian Sea,Asia,6351,0.009,2812308,8997,3,1,2
790,Diep,Atlantic,Africa,1488,0.134,182378,8907,3,1,2
1261,Santee,Atlantic,North America,39725,0.007,3626686,8845,3,1,2
780,Umtamvuna,Indian,Africa,1604,0.134,180457,8814,3,1,2
34,Cauto,Caribbean,North America,9030,0.022,1091381,8727,3,1,2
543,Cudjung,Indian,Oceania,1383,0.047,506150,8697,3,1,2
454,Tagum,Pacific,Oceania,2432,0.062,382130,8626,3,1,2
502,Mamberamo,Pacific,Oceania,78668,0.047,497984,8600,3,1,2
482,Endau,South China Sea,Asia,4448,0.112,209023,8555,3,1,2
426,Vellar,Bay of Bengal,Asia,7426,0.009,2664525,8524,3,1,2
468,Trengganu,South China Sea,Asia,4537,0.112,208113,8517,3,1,2
788,Great Fish,Indian,Africa,30243,0.134,172319,8416,3,1,2
794,Gourtis,Indian,Africa,45062,0.134,172287,8415,3,1,2
447,Vaippar,Bay of Bengal,Asia,5602,0.009,2625134,8398,3,1,2
1344,Capim,Atlantic,South America,49406,0.017,1325813,8367,3,1,2
1274,St. John's,Atlantic,North America,24642,0.007,3410311,8318,2,1,2
616,Agrioun,Mediterranean,Africa,935,0.086,264480,8316,2,1,2
1395,Contas,Atlantic,South America,55190,0.017,1288869,8134,2,1,2
1435,Salado,Atlantic,South America,86126,0.026,845422,8109,2,1,2
1390,Paraguaçu,Atlantic,South America,54548,0.017,1280046,8078,2,1,2
1319,Corantijn,Atlantic,South America,64000,0.217,101247,8011,2,1,2
544,Kikori,Pacific,Oceania,16503,0.09,244719,8002,2,1,2
439,Achenkovil,Arabian Sea,Asia,3939,0.009,2496669,7987,2,1,2
1377,Santa,Pacific,South America,11929,0.039,563682,7963,2,1,2
540,Markham,Pacific,Oceania,12658,0.09,241926,7910,2,1,2
1130,Wadi al Hamd,Red Sea,Eurasia,104249,0.016,1378400,7883,2,1,1
382,Kaladan,Bay of Bengal,Asia,21391,0.035,618570,7838,2,1,1
1365,Piranhas,Atlantic,South America,41027,0.017,1233225,7783,2,1,1
944,Scheldt,North Sea,Europe,19069,0.002,9182016,7768,2,1,1
919,Guadalquivir,Atlantic,Europe,56226,0.006,3839894,7732,2,1,1
751,Mangoky,Indian,Africa,54794,0.013,1577344,7710,2,1,1
1369,Paraiba,Atlantic,South America,19670,0.017,1216664,7678,2,1,1
394,Nagavali,Bay of Bengal,Asia,9181,0.009,2384912,7630,2,1,1
490,Johore,Singapore Strait,Asia,1835,0.112,185752,7602,2,1,1
492,Sambas,Karimata Strait,Oceania,7365,0.048,428846,7514,2,1,1
1419,Itajai-Ácu,Atlantic,South America,15023,0.017,1176859,7427,2,1,1
420,Great Tenasserim,Andaman Sea,Asia,17671,0.067,300342,7344,2,1,1
428,Chaliyar,Arabian Sea,Asia,2971,0.009,2269990,7262,2,1,1
109,Reventazon,Caribbean,North America,2843,0.047,424182,7201,2,1,1
483,Panai,Mallaca Strait,Oceania,3993,0.047,418095,7184,2,1,1
1433,Santa Lucia,Atlantic,South America,13457,0.024,802654,7112,2,1,1
462,Buayan,Celebes Sea,Oceania,1160,0.062,313851,7085,2,1,1
1292,Tocuyo,Caribbean,South America,17650,0.017,1111996,7070,2,1,1
1113,Wadi Ahwar,Arabian Sea,Eurasia,7171,0.077,252687,7067,2,1,1
103,Estero Real,Pacific,North America,3684,0.066,290016,7030,2,1,1
1308,Atrato,Caribbean,South America,35843,0.034,567081,6970,2,1,1
741,Pungue,Indian,Africa,30926,0.02,930090,6899,2,1,1
1232,Potomac,Chesapeake Bay,North America,30343,0.007,2817291,6871,2,1,1
924,Douro,Atlantic,Europe,97038,0.005,3424660,6766,2,1,1
962,Narva,Gulf of Finland,Europe,52193,0.02,939028,6732,2,0,1
644,Corubal,Atlantic,Africa,24304,0.029,645216,6722,2,0,1
810,Aksu,Black Sea,Eurasia,6233,0.039,468331,6685,2,0,1
516,Kahajan,Java Sea,Oceania,15923,0.047,388056,6668,2,0,1
1368,Chancay,Pacific,South America,4047,0.039,471128,6655,2,0,1
743,Mangoro,Indian,Africa,17713,0.013,1360006,6648,2,0,1
1268,Altamaha,Atlantic,North America,37489,0.007,2684809,6548,2,0,1
955,Pregolua,Baltic Sea,Asia,13897,0.017,1070115,6543,2,0,1
60,Yaque del Sur,Caribbean,North America,5202,0.039,452966,6505,2,0,1
796,Wadi el Arish,Mediterranean,Africa,23830,0.092,193993,6503,2,0,1
631,Massa,Atlantic,Africa,5265,0.049,360935,6469,2,0,1
855,Semani,Mediterranean,Europe,6119,0.032,551525,6466,2,0,1
522,Sampara,Banda Sea,Oceania,6875,0.047,368731,6336,2,0,1
717,Lurio,Indian,Africa,61169,0.013,1311160,6304,2,0,1
513,Sampit,Java Sea,Oceania,14542,0.047,365693,6283,2,0,1
1282,Brazos,Gulf of Mexico,North America,109421,0.007,2569820,6268,2,0,1
708,Longa,Atlantic,Africa,22800,0.045,379181,6256,2,0,1
1313,Berbice,Atlantic,South America,15748,0.224,76266,6241,2,0,1
716,Coporolo,Atlantic,Africa,15616,0.045,376543,6212,1,0,1
388,Rushikulya,Bay of Bengal,Asia,7877,0.009,1935029,6190,1,0,1
1341,Portoviejo,Pacific,South America,2066,0.047,356798,6098,1,0,1
787,Keiskama,Indian,Africa,2706,0.134,123942,6053,1,0,1
686,Ntem,Gulf of Guinea,Africa,30825,0.037,445438,6051,1,0,1
1096,Silup,Gulf of Oman,Eurasia,20629,0.075,220315,5997,1,0,1
801,Litani,Mediterranean,Eurasia,2171,0.035,466251,5995,1,0,1
1258,Peedee,Atlantic,North America,40950,0.007,2454121,5986,1,0,1
699,Ruvu,Indian,Africa,17540,0.02,823899,5985,1,0,1
106,Escondido,Caribbean,North America,11474,0.066,246012,5963,1,0,1
799,Yarcon,Mediterranean,Eurasia,1783,0.007,2303566,5957,1,0,1
856,Shkumbini,Mediterranean,Europe,2926,0.032,503709,5919,1,0,1
690,Ogooue,Atlantic,Africa,214256,0.024,658838,5853,1,0,1
77,Verde,Pacific,North America,18284,0.012,1302259,5827,1,0,1
1357,Mearim,Atlantic,South America,55600,0.017,915679,5779,1,0,1
1384,Itapicuru,Atlantic,South America,35921,0.017,904092,5706,1,0,1
91,Madre Vieja,Pacific,North America,827,0.105,146599,5611,1,0,1
1442,Negro,Atlantic,South America,113040,0.026,583501,5583,1,0,1
1221,Connecticut,Atlantic,North America,29052,0.007,2285910,5574,1,0,1
652,Seli,Atlantic,Africa,7953,0.035,438748,5531,1,0,1
392,Vamsadhara,Bay of Bengal,Asia,10682,0.009,1723864,5515,1,0,1
650,Great Scarcies,Atlantic,Africa,7821,0.029,509336,5438,1,0,1
525,Mesuji,Java Sea,Oceania,6500,0.047,315412,5419,1,0,1
642,Cacheu,Atlantic,Africa,5924,0.051,288988,5395,1,0,1
700,M'Bridge,Atlantic,Africa,19426,0.045,326762,5391,1,0,1
770,Matigulu,Indian,Africa,843,0.134,110223,5383,1,0,1
910,Ebro,Mediterranean,Europe,84471,0.005,2779046,5352,1,0,1
1352,Itapecuru,Atlantic,South America,52761,0.017,838004,5289,1,0,1
937,Garonne,Atlantic,Europe,55981,0.004,3783482,5277,1,0,1
1418,Ribeira do Iguape,Atlantic,South America,24700,0.017,836098,5277,1,0,1
1427,Cebollati,Atlantic,South America,56182,0.019,743728,5260,1,0,1
1097,Kalar,Gulf of Oman,Eurasia,4953,0.074,193125,5251,1,0,1
681,Mungo,Gulf of Guinea,Africa,4215,0.038,376195,5248,1,0,1
1284,Guadalupe,Gulf of Mexico,North America,26559,0.007,2150958,5246,1,0,1
98,Goascoran,Pacific,North America,2749,0.058,246771,5237,1,0,1
1327,San Juan,Pacific,South America,15329,0.034,425231,5227,1,0,1
432,Chalakudi,Arabian Sea,Asia,1574,0.009,1627903,5208,1,0,1
782,Olifants,Atlantic,Africa,46329,0.134,106536,5203,1,0,1
1311,Demerara,Atlantic,South America,7415,0.224,62596,5123,1,0,1
654,Jong,Atlantic,Africa,7871,0.035,406180,5122,1,0,1
403,Gundlakamma,Bay of Bengal,Asia,8788,0.009,1563285,5001,1,0,1
1355,Jubones,Pacific,South America,4682,0.047,292191,4994,1,0,1
1145,Nelson,Hudson Bay,North America,1008052,0.002,5720700,4985,1,0,1
1218,Merrimack,Atlantic,North America,13040,0.007,2021647,4931,1,0,1
1401,Jequitinhonha,Atlantic,South America,70744,0.017,777414,4906,1,0,1
1399,Pardo,Atlantic,South America,31480,0.017,776323,4899,1,0,1
35,Tecolutla,Gulf of Mexico,North America,7790,0.012,1087558,4867,1,0,1
1039,Mersey,Irish Sea,Europe,2387,0.004,3075516,4802,1,0,1
958,Lielupe,Baltic Sea,Europe,17529,0.021,638687,4784,1,0,1
378,Shetrunji,Arabian Sea,Asia,5612,0.009,1487292,4758,1,0,1
375,Burhabalang,Bay of Bengal,Asia,4693,0.009,1460140,4671,1,0,1
1250,Cape Fear,Atlantic,North America,22841,0.007,1903066,4642,1,0,1
429,Kadalundi,Arabian Sea,Asia,1193,0.009,1442040,4613,1,0,1
839,Kamchea,Black Sea,Europe,5342,0.051,244210,4564,1,0,1
1283,Colorado,Gulf of Mexico,North America,106643,0.007,1866607,4553,1,0,1
546,Seraju,Indian,Oceania,435,0.047,264358,4542,1,0,1
658,Lofa,Atlantic,Africa,10450,0.057,217484,4491,1,0,1
1296,Neveri,Caribbean,South America,4264,0.017,706043,4489,1,0,1
1,Tijuana,Pacific,North America,4430,0.012,1066621,4479,1,0,1
1373,Moche,Pacific,South America,2117,0.039,307062,4338,1,0,1
1033,Severn,Irish Sea,Europe,11008,0.004,2747847,4291,1,0,1
72,Papagayo,Pacific,North America,7535,0.012,925914,4143,1,0,1
1199,Duwamish,Puget Sound,North America,1532,0.007,1672570,4079,1,0,1
703,Dande,Atlantic,Africa,11396,0.045,247146,4077,1,0,1
1356,Pindaré,Atlantic,South America,40357,0.017,645842,4076,1,0,1
64,Coatzacoalcos,Gulf of Mexico,North America,21281,0.012,892745,3995,1,0,1
1279,"Neches, Sabine",Gulf of Mexico,North America,54111,0.007,1611452,3930,1,0,1
702,Loge,Atlantic,Africa,13432,0.045,236513,3902,1,0,1
1387,Lurin,Pacific,South America,1577,0.039,273658,3866,1,0,1
436,Muvatupuzha,Arabian Sea,Asia,1802,0.009,1198736,3835,1,0,1
280,Ishikari,Sea of Japan,Asia,14436,0.003,3086366,3833,1,0,1
1388,Pojuca,Atlantic,South America,4781,0.017,606307,3826,1,0,1
732,Licungo,Indian,Africa,22996,0.013,793783,3818,1,0,1
533,Pulau,Arafura Sea,Oceania,27834,0.047,220163,3783,1,0,1
1376,Una,Atlantic,South America,6708,0.017,593853,3748,1,0,1
438,Pamba,Arabian Sea,Asia,1314,0.009,1156839,3701,1,0,1
1370,Jequetepeque,Pacific,South America,3987,0.039,261930,3700,1,0,1
1104,Mehran,Persian Gulf,Eurasia,8106,0.074,135418,3682,1,0,1
1353,Acaraú,Atlantic,South America,14515,0.017,582149,3674,1,0,1
51,Blanco,Gulf of Mexico,North America,5734,0.012,816907,3655,1,0,1
1374,Ipojuca,Atlantic,South America,3454,0.017,578259,3649,1,0,1
48,Jamapa,Gulf of Mexico,North America,3891,0.012,814243,3644,1,0,1
657,Mano,Atlantic,Africa,7634,0.056,176723,3609,1,0,0
822,Melet,Black Sea,Eurasia,2009,0.039,250303,3573,1,0,0
806,Tarsus,Mediterranean,Eurasia,2006,0.039,246934,3525,1,0,0
764,Umbeluzi,Indian,Africa,5492,0.015,633353,3521,1,0,0
512,Waringin,Java Sea,Oceania,13648,0.047,204859,3520,1,0,0
791,Gamtoos,Indian,Africa,34786,0.134,71708,3502,1,0,0
418,Netravati,Arabian Sea,Asia,3473,0.009,1087660,3480,1,0,0
896,Tevere,Mediterranean,Europe,16663,0.003,3553374,3442,1,0,0
909,Llobregat,Mediterranean,Europe,5005,0.006,1709022,3441,1,0,0
478,Kidurong,South China Sea,Asia,5792,0.112,83890,3433,1,0,0
789,Sondags,Indian,Africa,21312,0.134,70242,3431,1,0,0
41,Actopán,Gulf of Mexico,North America,1975,0.012,765200,3424,1,0,0
1364,Apodi,Atlantic,South America,14258,0.017,541862,3420,1,0,0
809,Köprü,Mediterranean,Eurasia,2574,0.039,234341,3345,1,0,0
33,Ameca,Pacific,North America,12281,0.012,745695,3337,1,0,0
1111,Wadi Hajir,Arabian Sea,Eurasia,9186,0.077,118944,3327,1,0,0
442,Tagoloan,Pacific,Oceania,1360,0.062,146121,3298,0,0,0
1300,Motatan,Caribbean,South America,4956,0.017,514977,3274,0,0,0
1094,Bhari,Arabian Sea,Asia,4403,0.09,99248,3270,0,0,0
1112,Wadi Maifa'ah,Arabian Sea,Eurasia,5208,0.077,116296,3253,0,0,0
116,Grande de Terraba,Pacific,North America,4994,0.046,191948,3250,0,0,0
1245,Pamlico,Atlantic,North America,11712,0.007,1328327,3240,0,0,0
829,Inguri,Black Sea,Eurasia,4051,0.035,250412,3208,0,0,0
163,Sinngatoka,Pacific,Oceania,1493,0.151,58360,3208,0,0,0
1121,Wadi Baysh,Red Sea,Eurasia,6239,0.021,421168,3172,0,0,0
798,Lachish,Mediterranean,Eurasia,782,0.008,1140783,3127,0,0,0
687,Mbini,Atlantic,Africa,13499,0.045,190343,3114,0,0,0
1437,Bio Bio,Pacific,South America,24265,0.011,803364,3110,0,0,0
1227,Passaic,Atlantic,North America,2840,0.007,1262135,3078,0,0,0
444,Kallada,Arabian Sea,Asia,1501,0.009,960562,3073,0,0,0
1431,Rapel,Pacific,South America,13783,0.011,792970,3071,0,0,0
1428,Aconcagua,Pacific,South America,7318,0.011,784198,3043,0,0,0
1265,Savannah,Atlantic,North America,27165,0.007,1243818,3034,0,0,0
1120,Wadi Jizan,Red Sea,Eurasia,1765,0.048,172904,3020,0,0,0
723,Sofia/Mahajamba,Indian,Africa,28434,0.013,615001,3006,0,0,0
472,Baram,South China Sea,Asia,22273,0.109,75497,2999,0,0,0
1288,Rancheria,Caribbean,South America,4330,0.033,241572,2952,0,0,0
1360,Tumbes,Pacific,South America,5371,0.044,183816,2937,0,0,0
1101,Jagin,Gulf of Oman,Eurasia,6457,0.074,107660,2927,0,0,0
1298,Unare,Caribbean,South America,22226,0.017,459356,2921,0,0,0
81,Sarstoon,Caribbean,North America,2170,0.104,76979,2920,0,0,0
1022,Pechora,Barents Sea,Asia,313825,0.02,388355,2901,0,0,0
920,Guadiana,Atlantic,Europe,66372,0.005,1448300,2899,0,0,0
1339,Chone,Pacific,South America,2355,0.047,168500,2880,0,0,0
1328,Dagua,Pacific,South America,1453,0.034,234136,2878,0,0,0
645,Kogon,Atlantic,Africa,8083,0.026,302656,2864,0,0,0
646,Dharror,Indian,Africa,28504,0.047,168018,2857,0,0,0
1434,Maule,Pacific,South America,21108,0.011,731363,2832,0,0,0
319,Kiso,Pacific,Asia,9024,0.003,2277379,2829,0,0,0
854,Vijose,Mediterranean,Europe,6777,0.031,246454,2775,0,0,0
1102,Dozdan,Straight of Hormuz,Eurasia,3015,0.074,101999,2773,0,0,0
28,San Pedro,Pacific,North America,25676,0.012,617738,2764,0,0,0
1098,Rapch,Gulf of Oman,Eurasia,8503,0.074,101199,2751,0,0,0
55,Hondo,Atlantic,North America,12699,0.049,154897,2746,0,0,0
734,Luala,Indian,Africa,19043,0.013,566345,2723,0,0,0
1066,Ouse,North Sea,Europe,8198,0.004,1733227,2706,0,0,0
841,Néstos,Mediterranean,Europe,5841,0.042,176494,2680,0,0,0
71,Belize,Caribbean,North America,8493,0.069,105244,2669,0,0,0
957,Venta,Baltic Sea,Europe,11867,0.021,351410,2660,0,0,0
908,Besos,Mediterranean,Europe,1033,0.006,1317801,2654,0,0,0
1396,Ica,Pacific,South America,6838,0.039,187510,2649,0,0,0
721,Monapo,Indian,Africa,8058,0.013,548883,2639,0,0,0
635,Saguia al Hamra,Atlantic,Africa,69388,0.049,146432,2624,0,0,0
59,Loiza,Atlantic,North America,773,0.011,671923,2611,0,0,0
391,Abulug,Pacific,Oceania,2892,0.062,114191,2578,0,0,0
1244,Roanoke,Atlantic,North America,24479,0.007,1050882,2563,0,0,0
913,Segura,Mediterranean,Europe,16542,0.006,1265690,2549,0,0,0
1077,Liffey,Irish Sea,Europe,1327,0.009,811939,2536,0,0,0
302,Shinano,Sea of Japan,Asia,10582,0.003,2019153,2508,0,0,0
467,Segama,Celebes Sea,Asia,4023,0.112,60980,2496,0,0,0
504,Pawan,Karimata Strait,Oceania,11075,0.047,144143,2477,0,0,0
758,Onilahy,Indian,Africa,32304,0.013,505332,2470,0,0,0
647,Fatala,Atlantic,Africa,6133,0.025,264424,2452,0,0,0
1046,Clyde,North Sea,Europe,2983,0.004,1567246,2447,0,0,0
727,Meluli,Indian,Africa,10212,0.013,503937,2423,0,0,0
1239,James,Chesapeake Bay,North America,18254,0.007,988082,2410,0,0,0
1287,Caloosahatchee,Gulf of Mexico,North America,17028,0.007,980413,2391,0,0,0
8,Yaqui,Gulf of California,North America,72879,0.012,544680,2378,0,0,0
1383,Vasa Barris,Atlantic,South America,16149,0.017,375807,2372,0,0,0
1294,Yaracuy,Caribbean,South America,2471,0.017,371953,2365,0,0,0
491,Lupar,South China Sea,Asia,4132,0.111,57259,2324,0,0,0
1299,Guanipa,Atlantic,South America,10277,0.017,365003,2321,0,0,0
1371,Chicama,Pacific,South America,4481,0.039,163916,2315,0,0,0
32,Cazones,Gulf of Mexico,North America,2799,0.012,517161,2314,0,0,0
423,Valapattanam,Bay of Bengal,Asia,736,0.009,721170,2307,0,0,0
36,Nautla,Gulf of Mexico,North America,2786,0.012,515428,2306,0,0,0
515,Mendawai,Java Sea,Oceania,19047,0.047,132673,2280,0,0,0
23,Sajua,Caribbean,North America,2289,0.022,281182,2249,0,0,0
363,Kaoping,South China Sea,Asia,3242,0.006,1088341,2240,0,0,0
27,Damuji,Atlantic,North America,2119,0.022,279129,2232,0,0,0
347,Wu,Taiwan Strait,Asia,2037,0.006,1068745,2200,0,0,0
1297,San Juan,Atlantic,South America,8472,0.017,344853,2193,0,0,0
359,Tsengwen,South China Sea,Asia,1376,0.006,1041270,2143,0,0,0
408,Gangavati,Arabian Sea,Asia,3867,0.009,666248,2131,0,0,0
317,Nakdong,Tsushima Strait,Asia,23300,0.001,6240526,2103,0,0,0
43,Antigua,Gulf of Mexico,North America,3330,0.012,464774,2080,0,0,0
808,Manavgat,Mediterranean,Eurasia,1302,0.039,145290,2074,0,0,0
707,Mbemkuru,Indian,Africa,17065,0.02,285298,2072,0,0,0
110,Tempisque,Pacific,North America,3257,0.047,121701,2066,0,0,0
79,Negro,Caribbean,North America,6495,0.079,71467,2056,0,0,0
1310,Leon,Caribbean,South America,2177,0.034,166957,2052,0,0,0
1345,Moju,Atlantic,South America,26196,0.017,324438,2047,0,0,0
750,Mananjary,Indian,Africa,6973,0.013,417269,2040,0,0,0
898,Arno,Ligurian Sea,Europe,9042,0.003,2093666,2028,0,0,0
1263,San Diego,Pacific,North America,1275,0.007,827257,2018,0,0,0
519,Serujan,Java Sea,Oceania,13061,0.047,116633,2004,0,0,0
551,Vaidala,Gulf of Papua,Oceania,5702,0.09,61078,1997,0,0,0
1462,Pyasina,Kara Sea,Asia,167473,0.02,266626,1991,0,0,0
87,Huixtla,Pacific,North America,679,0.042,126344,1952,0,0,0
1358,Curu,Atlantic,South America,8534,0.017,306438,1934,0,0,0
99,Prinza Polka,Caribbean,North America,10791,0.066,79513,1927,0,0,0
49,Armeria,Pacific,North America,9703,0.012,429407,1921,0,0,0
31,Tuxpan,Gulf of Mexico,North America,5876,0.012,428672,1918,0,0,0
405,Kalinadi,Arabian Sea,Asia,4759,0.009,592209,1895,0,0,0
857,Mat,Mediterranean,Europe,2503,0.032,161302,1893,0,0,0
345,Tachia,Taiwan Strait,Asia,1237,0.006,908878,1871,0,0,0
1410,Mucuri,Atlantic,South America,15563,0.017,295519,1865,0,0,0
1223,Housatonic,Atlantic,North America,5006,0.007,754635,1841,0,0,0
715,Catumbela,Atlantic,Africa,3977,0.045,111343,1837,0,0,0
1350,Munim,Atlantic,South America,15805,0.017,290090,1831,0,0,0
1469,Lena,Laptev Sea,Asia,2462757,0.02,239382,1788,0,0,0
1317,Suriname,Atlantic,South America,16744,0.027,180627,1770,0,0,0
487,Barumun,Karimata Strait,Oceania,1747,0.047,102818,1767,0,0,0
728,Ligonha,Indian,Africa,14799,0.013,364090,1751,0,0,0
1275,Pearl,Gulf of Mexico,North America,20894,0.007,711773,1736,0,0,0
1349,Cañar,Pacific,South America,2983,0.047,101525,1735,0,0,0
1413,Saõ Mateus,Atlantic,South America,12615,0.017,274015,1729,0,0,0
16,Culiacan,Gulf of California,North America,16425,0.012,386398,1729,0,0,0
864,Adige,Mediterranean,Europe,14475,0.003,1772632,1728,0,0,0
621,Nekor,Mediterranean,Africa,911,0.049,96166,1724,0,0,0
474,Sembakung,Celebes Sea,Oceania,10253,0.101,46512,1707,0,0,0
823,Harsit,Black Sea,Eurasia,3326,0.039,119455,1705,0,0,0
633,Wadi Araba,Red Sea,Africa,4212,0.122,38320,1704,0,0,0
295,Kitakami,Pacific,Asia,10131,0.003,1359741,1689,0,0,0
107,Punta Gorda,Caribbean,North America,2815,0.066,69540,1686,0,0,0
1361,Churo,Atlantic,South America,4736,0.017,265997,1679,0,0,0
724,Curoca,Atlantic,Africa,19826,0.045,97983,1617,0,0,0
298,Abukuma,Pacific,Asia,5362,0.003,1294833,1608,0,0,0
111,Chirripo del Atlanti,Caribbean,North America,1601,0.047,94539,1605,0,0,0
1312,"AmMazaroni, Essequibo, Cuyuniazon",Atlantic,South America,154187,0.029,150648,1599,0,0,0
118,Santa Maria,Panama Bay,North America,3947,0.029,150366,1591,0,0,0
206,Yarra,Bass Strait,Oceania,5467,0.002,1953376,1574,0,0,0
501,Lariang,Makassar Strait,Oceania,7126,0.047,91331,1569,0,0,0
1367,Curimataú,Atlantic,South America,4145,0.017,248041,1565,0,0,0
932,Nervion,Atlantic,Europe,1795,0.006,775329,1561,0,0,0
773,Buffels,Atlantic,Africa,9904,0.134,31863,1556,0,0,0
720,Mecuburi,Indian,Africa,9426,0.013,320226,1540,0,0,0
486,Berau,Celebes Sea,Oceania,14415,0.047,89284,1534,0,0,0
52,Coahuayana,Pacific,North America,7123,0.012,342580,1533,0,0,0
1127,Wadi al Fatima,Red Sea,Eurasia,5226,0.016,266506,1524,0,0,0
815,Kocabas,Sea of Marmara,Eurasia,2311,0.039,106467,1520,0,0,0
1342,Gurupi,Atlantic,South America,34676,0.017,240782,1520,0,0,0
925,Minho,Atlantic,Europe,16596,0.006,745468,1497,0,0,0
1392,Jiquiniça,Atlantic,South America,7015,0.017,237226,1497,0,0,0
351,Choshui,Taiwan Strait,Asia,3260,0.006,726798,1496,0,0,0
58,La Plata,Atlantic,North America,570,0.011,382984,1488,0,0,0
1359,Arenillas,Pacific,South America,1217,0.047,86679,1481,0,0,0
18,Soto la Marina,Gulf of Mexico,North America,20903,0.012,330242,1478,0,0,0
1412,Caplina,Pacific,South America,2744,0.039,104598,1474,0,0,0
824,Iyidere,Black Sea,Eurasia,1060,0.039,103039,1471,0,0,0
912,Jucar,Mediterranean,Europe,21380,0.006,727693,1465,0,0,0
1234,Patuxent,Chesapeake Bay,North America,1676,0.007,598926,1461,0,0,0
61,Tonala,Gulf of Mexico,North America,5616,0.012,324103,1450,0,0,0
757,Mananara Sud,Indian,Africa,16906,0.013,294994,1442,0,0,0
1128,Wadi Khulays,Red Sea,Eurasia,5207,0.016,251707,1440,0,0,0
938,Dordogne,Atlantic,Europe,23804,0.004,1023692,1428,0,0,0
5,Sonora,Gulf of California,North America,25270,0.012,318777,1426,0,0,0
1436,Itata,Pacific,South America,11429,0.011,365694,1416,0,0,0
800,Qishon,Mediterranean,Eurasia,1120,0.007,528731,1407,0,0,0
198,Murray-Darling,Great Australian Bight,Oceania,774540,0.002,1744151,1405,0,0,0
1280,Suwannee,Gulf of Mexico,North America,26533,0.007,575484,1404,0,0,0
941,Vilaine,Atlantic,Europe,10480,0.004,1004932,1401,0,0,0
329,Chikugo,East China Sea,Asia,2794,0.003,1123952,1396,0,0,0
753,Mananan Tanana,Indian,Africa,4413,0.013,284818,1392,0,0,0
1441,Bueno,Pacific,South America,15107,0.011,359380,1392,0,0,0
507,Karama,Celebes Sea,Oceania,5506,0.047,80756,1388,0,0,0
74,Omotepec,Pacific,North America,6979,0.012,309659,1386,0,0,0
960,Gauja,Baltic Sea,Europe,9184,0.02,193258,1385,0,0,0
797,Besor,Mediterranean,Eurasia,3523,0.006,625623,1383,0,0,0
1040,Ribble,Irish Sea,Europe,1908,0.004,884668,1381,0,0,0
11,El Fuerte,Gulf of California,North America,34784,0.012,307680,1377,0,0,0
863,Brenta,Mediterranean,Europe,4817,0.003,1418995,1374,0,0,0
1382,Huaura,Pacific,South America,4360,0.039,97078,1371,0,0,0
936,Adour,Atlantic,Europe,16859,0.004,964933,1347,0,0,0
1397,Grande,Pacific,South America,10995,0.039,95055,1343,0,0,0
1403,Majes,Pacific,South America,16938,0.039,94443,1334,0,0,0
21,Presido,Pacific,North America,6002,0.012,294600,1318,0,0,0
712,Messalo,Indian,Africa,24610,0.013,272223,1309,0,0,0
1072,Shannon,Atlantic,Europe,11413,0.009,416389,1300,0,0,0
713,Balombo,Atlantic,Africa,2789,0.045,78094,1288,0,0,0
636,Wadi Dib,Red Sea,Africa,42283,0.083,42283,1288,0,0,0
998,Glomma,North Sea,Europe,40119,0.006,633895,1288,0,0,0
911,Turia,Mediterranean,Europe,6644,0.006,632294,1273,0,0,0
923,Mondego,Atlantic,Europe,6652,0.005,656760,1266,0,0,0
1415,Itapemirim,Atlantic,South America,4829,0.017,199501,1259,0,0,0
94,"Kukalaya, Huahua",Caribbean,North America,7691,0.066,50965,1235,0,0,0
510,Larona,Banda Sea,Oceania,4144,0.047,71163,1223,0,0,0
344,Taan,Taiwan Strait,Asia,778,0.006,593198,1221,0,0,0
293,Mogami,Sea of Japan,Asia,6885,0.003,976233,1213,0,0,0
966,Kokemänjoki,Gulf of Bothnia,Europe,22257,0.005,708190,1206,0,0,0
1032,Bristol Avon,Irish Sea,Europe,2244,0.004,768603,1200,0,0,0
714,Montepuez,Indian,Africa,10264,0.013,248668,1196,0,0,0
312,Keum,Yellow Sea,Asia,9779,0.001,3518592,1186,0,0,0
3,Concepción,Gulf of California,North America,25962,0.012,262740,1170,0,0,0
1444,Chubut,Atlantic,South America,95415,0.026,122356,1169,0,0,0
761,Mandrare,Indian,Africa,12656,0.013,238251,1165,0,0,0
1330,Micay,Pacific,South America,4208,0.034,94559,1162,0,0,0
828,Khobi,Black Sea,Eurasia,1239,0.035,89543,1153,0,0,0
411,Sharavati,Arabian Sea,Asia,2618,0.009,354925,1135,0,0,0
704,Matandu,Indian,Africa,16699,0.02,155025,1126,0,0,0
963,Luga,Baltic Sea,Asia,13253,0.02,150430,1123,0,0,0
692,Nyanga,Atlantic,Africa,24964,0.035,87463,1119,0,0,0
1065,Nene,North Sea,Europe,2272,0.004,715563,1117,0,0,0
1100,Gabrik,Gulf of Oman,Eurasia,4638,0.074,40952,1113,0,0,0
1346,Turiaço,Atlantic,South America,13285,0.017,176190,1112,0,0,0
1099,Sadij,Gulf of Oman,Eurasia,4609,0.074,40645,1105,0,0,0
1272,Pascagoula,Gulf of Mexico,North America,21758,0.007,452511,1104,0,0,0
1290,Don Diego,Caribbean,South America,560,0.034,89586,1101,0,0,0
1061,Tyne,North Sea,Europe,2878,0.004,702706,1097,0,0,0
722,Cubal,Atlantic,Africa,10683,0.045,65836,1086,0,0,0
1255,San Diego Creek,Pacific,North America,323,0.007,444982,1085,0,0,0
4,Bacavachio,Pacific,North America,8226,0.012,242088,1083,0,0,0
1129,Wadi R?bigh,Red Sea,Eurasia,5156,0.016,187780,1074,0,0,0
649,Dhuudo,Indian,Africa,11494,0.047,62841,1069,0,0,0
762,Menarandra,Indian,Africa,8506,0.013,215059,1051,0,0,0
1249,Santa Clara,Pacific,North America,4222,0.007,430482,1050,0,0,0
1212,"Kennebeck, Androscoggin",Atlantic,Nort America,24645,0.007,425418,1037,0,0,0
749,Ugab,Atlantic,Africa,29357,0.097,29337,1037,0,0,0
1405,Tambo,Pacific,South America,12892,0.039,73299,1035,0,0,0
325,Tenryu,Pacific,Asia,5155,0.003,833020,1035,0,0,0
1381,Pativilca,Pacific,South America,4427,0.039,72538,1025,0,0,0
318,Fuji,Pacific,Asia,3536,0.003,823958,1023,0,0,0
1235,Russian,Pacific,North America,3854,0.007,418563,1021,0,0,0
725,Mahavavy Nord,Indian,Africa,18870,0.013,208560,1019,0,0,0
557,Merauke,Arafura Sea,Oceania,8067,0.049,56210,1010,0,0,0
1286,Peace,Gulf of Mexico,North America,5770,0.007,409962,1000,0,0,0
1443,Puelo,Pacific,South America,9163,0.026,106473,996,0,0,0
75,Tehuantepec,Pacific,North America,10190,0.012,221738,992,0,0,0
53,Candelaria,Gulf of Mexico,North America,14607,0.018,154430,987,0,0,0
1338,Jama,Pacific,South America,1362,0.047,57221,978,0,0,0
1393,San Juan,Pacific,South America,3312,0.039,68951,974,0,0,0
1029,Avon,English Channel,Europe,2961,0.004,621320,970,0,0,0
194,Hawkesbury,Tasman Sea,Oceania,20768,0.002,1192478,961,0,0,0
13,Sinaloa,Pacific,North America,12890,0.012,214581,960,0,0,0
42,Champoton,Gulf of Mexico,North America,12770,0.012,211069,944,0,0,0
952,Parsenta,Baltic Sea,Europe,3269,0.013,196775,944,0,0,0
1012,Tuloma/Kola,Barents Sea,Asia,25198,0.02,125675,938,0,0,0
1125,Wadi al Lith,Red Sea,Eurasia,3175,0.016,161941,926,0,0,0
1251,Calleguas,Pacific,North America,822,0.007,378102,922,0,0,0
187,Brisbane,Tasman Sea,Oceania,13630,0.002,1125324,907,0,0,0
730,M'Lela,Indian,Africa,8219,0.013,187916,903,0,0,0
738,Manambolo,Indian,Africa,13295,0.013,184191,900,0,0,0
928,Narcea,Bay of Biscay,Europe,4910,0.006,444358,895,0,0,0
299,Agano,Sea of Japan,Asia,7806,0.003,720061,894,0,0,0
306,Anseoung,Sea of Japan,Asia,1450,0.001,2636991,889,0,0,0
943,Somme,Atlantic,Europe,6213,0.004,630545,879,0,0,0
1335,"Santiago, Cayapas",Pacific,South America,6199,0.047,51381,877,0,0,0
38,Guantanamo,Caribbean,North America,1450,0.022,109596,876,0,0,0
526,Patahparang,Indian,Oceania,660,0.047,50819,873,0,0,0
105,Kurinwas,Caribbean,North America,4609,0.066,35944,871,0,0,0
756,Fiherenana,Indian,Africa,7722,0.013,177859,869,0,0,0
711,Cambongo,Atlantic,Africa,2608,0.045,52161,861,0,0,0
1123,Wadi Hali,Red Sea,Eurasia,5153,0.016,149418,855,0,0,0
953,Slupa,Baltic Sea,Europe,1454,0.013,176495,847,0,0,0
1015,Niva,White Sea,Asia,11031,0.02,112645,841,0,0,0
1375,Viru,Pacific,South America,1890,0.039,59422,839,0,0,0
1402,Ocona,Pacific,South America,15376,0.039,59392,839,0,0,0
1407,Itanhem,Atlantic,South America,6460,0.017,130989,827,0,0,0
894,Volturno,Mediterranean,Europe,5788,0.003,847999,821,0,0,0
1062,Tees,North Sea,Europe,1824,0.004,524554,819,0,0,0
331,Huaihe,Yellow Sea,Asia,34,0.092,24268,814,0,0,0
475,Sesjab,Celebes Sea,Oceania,15810,0.048,46780,812,0,0,0
1422,Elqui,Pacific,South America,9453,0.011,209134,809,0,0,0
192,Swan,Indian,Oceania,99439,0.002,999819,806,0,0,0
1394,Pisco,Pacific,South America,4109,0.039,56910,804,0,0,0
1186,Fraser,Pacific,North America,231734,0.002,1178718,804,0,0,0
826,Supsa,Black Sea,Eurasia,1115,0.035,61967,798,0,0,0
449,Tamraparni,Bay of Bengal,Asia,792,0.009,248568,795,0,0,0
1068,Barrow,Irish Sea,Europe,5511,0.009,252171,788,0,0,0
961,Pärnu,Baltic Sea,Europe,6923,0.019,115006,783,0,0,0
917,Guadalhorce,Mediterranean,Europe,3309,0.006,388679,783,0,0,0
939,Charente,Atlantic,Europe,9797,0.004,557419,777,0,0,0
1439,Valdivia,Pacific,South America,10237,0.011,189192,773,0,0,0
1459,Pyr,Kara Sea,Asia,111564,0.02,102160,763,0,0,0
719,Bemarivo,Indian,Africa,4816,0.013,155934,762,0,0,0
965,Kymijoki,Gulf of Finland,Europe,22102,0.005,444099,756,0,0,0
1323,Baudo,Pacific,South America,4067,0.034,61074,751,0,0,0
1378,Casma,Pacific,South America,2806,0.039,53019,749,0,0,0
112,Barranca,Pacific,North America,453,0.047,43691,742,0,0,0
115,Changuinola,Caribbean,North America,3216,0.03,67094,741,0,0,0
202,Waikato,Tasman Sea,Oceania,14408,0.007,307274,739,0,0,0
114,Sixaola,Caribbean,North America,2856,0.042,47280,733,0,0,0
1391,Canete,Pacific,South America,6060,0.039,51756,731,0,0,0
819,Devrekani,Black Sea,Eurasia,2270,0.039,50693,724,0,0,0
1329,Naya,Pacific,South America,1860,0.034,58521,719,0,0,0
311,Kuzuryo,Sea of Japan,Asia,2897,0.003,575256,715,0,0,0
803,Karasu,Sea of Marmara,Eurasia,225,0.039,49562,707,0,0,0
1219,Rogue,Pacific,North America,13363,0.007,289572,706,0,0,0
1425,Camaquá,Atlantic,South America,16895,0.017,111240,702,0,0,0
860,Krka,Mediterranean,Europe,2469,0.032,59738,697,0,0,0
1438,Tolten,Pacific,South America,8607,0.011,179123,695,0,0,0
56,Manati,Atlantic,North America,611,0.011,174594,679,0,0,0
15,San Fernando,Gulf of Mexico,North America,18933,0.012,151613,678,0,0,0
907,Ter,Mediterranean,Europe,3169,0.006,328073,661,0,0,0
1304,Mulatos,Caribbean,South America,1426,0.034,53505,658,0,0,0
1273,Choctawhatchee,Gulf of Mexico,North America,11880,0.007,267320,652,0,0,0
57,Arecibo,Atlantic,North America,788,0.011,167493,651,0,0,0
759,Linta,Indian,Africa,6164,0.013,133051,650,0,0,0
1406,Jucururu,Atlantic,South America,5895,0.017,101697,642,0,0,0
541,Digul,Arafura Sea,Oceania,9526,0.047,37137,638,0,0,0
832,Mzymta,Black Sea,Asia,908,0.021,84741,635,0,0,0
480,Kajan,Celebes Sea,Oceania,29784,0.047,36664,632,0,0,0
1196,Snohomish,Puget Sound,North America,4545,0.007,257965,629,0,0,0
9,Mayo,Gulf of California,North America,14123,0.012,140292,628,0,0,0
1416,Loa,Pacific,South America,35346,0.011,162129,628,0,0,0
1018,Onega,White Sea,Asia,62591,0.02,83423,623,0,0,0
895,Liri,Mediterranean,Europe,4065,0.003,641678,622,0,0,0
1240,Pajaro,Pacific,North America,3357,0.007,248142,605,0,0,0
1241,Salinas,Monterey Bay,North America,11097,0.007,247177,603,0,0,0
30,Toa,Atlantic,North America,1297,0.022,75244,602,0,0,0
784,Verlore,Atlantic,Africa,1923,0.134,12278,600,0,0,0
1424,Limari,Pacific,South America,11687,0.011,154734,599,0,0,0
356,Pachang,South China Sea,Asia,566,0.006,290497,598,0,0,0
69,Minho,Caribbean,North America,711,0.01,167928,597,0,0,0
1076,Boyne,Irish Sea,Europe,2754,0.009,190785,596,0,0,0
846,Pinios,Mediterranean,Europe,9302,0.004,408324,593,0,0,0
1256,San Juan Capistrano,Pacific,North America,453,0.007,242119,591,0,0,0
951,Rega,Baltic Sea,Europe,2555,0.013,122575,588,0,0,0
1124,Wadi Yiba,Red Sea,Eurasia,3128,0.016,100308,574,0,0,0
746,Gorongosa,Indian,Africa,10193,0.013,117970,567,0,0,0
1285,Nueces,Gulf of Mexico,North America,43508,0.007,231433,564,0,0,0
1316,Saramacca,Atlantic,South America,9413,0.027,56875,557,0,0,0
283,Iwaki,Sea of Japan,Asia,2440,0.003,447208,555,0,0,0
120,San Pablo,Pacific,North America,2434,0.029,51812,548,0,0,0
352,Peikang,South China Sea,Asia,704,0.006,265139,546,0,0,0
1026,Simeto/Goranlunga,Sicilian Channel,Europe,4203,0.003,563142,545,0,0,0
76,Moho,Caribbean,North America,1189,0.091,16163,538,0,0,0
729,Molocue,Indian,Africa,6246,0.013,111677,537,0,0,0
1411,Zana,Pacific,South America,4773,0.039,37808,534,0,0,0
340,Touchien,Taiwan Strait,Asia,564,0.006,259371,534,0,0,0
1408,Moquegua,Pacific,South America,3540,0.039,37536,530,0,0,0
1243,Chowan,Atlantic,North America,12000,0.007,217191,530,0,0,0
315,Hii,Sea of Japan,Asia,2044,0.003,422318,525,0,0,0
360,Yenshui,South China Sea,Asia,285,0.006,254533,524,0,0,0
1069,Suir,Irish Sea,Europe,3513,0.009,167711,524,0,0,0
1034,Wye,North Sea,Europe,4127,0.004,333156,520,0,0,0
1409,Locunba,Pacific,South America,4189,0.039,36771,519,0,0,0
322,Yeongsan,Yellow Sea,Asia,2861,0.001,1527952,515,0,0,0
1264,Edisto,Atlantic,North America,7471,0.007,210878,514,0,0,0
1267,Ogeechee,Atlantic,North America,11482,0.007,209151,510,0,0,0
1354,Balao,Pacific,South America,1138,0.047,29396,502,0,0,0
341,Lanyang,Pacific,Asia,1168,0.006,242776,500,0,0,0
1236,Rappahannock,Chesapeake Bay,North America,5037,0.007,204834,500,0,0,0
1071,Lee,Irish Sea,Europe,1253,0.009,158936,496,0,0,0
1303,Bayano,Panama Bay,North America,4889,0.029,46877,496,0,0,0
520,Solo,Banda Sea,Oceania,5892,0.047,28852,496,0,0,0
327,Yoshino,Pacific,Asia,3371,0.003,398315,495,0,0,0
499,Boko,Celebes Sea,Oceania,578,0.047,28658,492,0,0,0
685,Lobe,Gulf of Guinea,Africa,2296,0.038,34446,480,0,0,0
1259,Santa Margarita,Pacific,North America,1892,0.007,196866,480,0,0,0
1262,San Dieguito,Pacific,North America,884,0.007,195924,478,0,0,0
538,Jaba,Pacific,Oceania,513,0.09,14374,470,0,0,0
65,Black,Caribbean,North America,916,0.01,132212,470,0,0,0
342,Houlung,Taiwan Strait,Asia,534,0.006,225628,464,0,0,0
1260,San Luis Rey,Pacific,North America,1470,0.007,189601,462,0,0,0
735,Ivondro,Indian,Africa,3471,0.013,93999,459,0,0,0
47,Cihuatlan,Gulf of California,North America,2154,0.012,101563,454,0,0,0
14,Mocorito,Pacific,North America,2511,0.012,101533,454,0,0,0
1276,Ochlockonee,Gulf of Mexico,North America,5655,0.007,185996,454,0,0,0
357,Chishui,Pacific,Asia,344,0.006,216685,446,0,0,0
1064,Welland,North Sea,Europe,1722,0.004,285418,446,0,0,0
70,Milk,Caribbean,North America,548,0.01,125254,445,0,0,0
310,Jintsu,Sea of Japan,Asia,2757,0.003,349025,434,0,0,0
25,Acaponeta,Pacific,North America,5512,0.012,94674,424,0,0,0
1271,Escambia,Gulf of Mexico,North America,10975,0.007,171189,418,0,0,0
718,Sambirano,Indian,Africa,2968,0.013,85079,416,0,0,0
20,Elota,Pacific,North America,928,0.012,92526,414,0,0,0
997,Göta alv,North Sea,Europe,42049,0.001,971574,413,0,0,0
1209,Penobscot,Atlantic,North America,21916,0.007,167947,409,0,0,0
281,Tokachi,Pacific,Asia,8419,0.003,326259,405,0,0,0
862,Piave,Mediterranean,Europe,4374,0.003,412866,400,0,0,0
63,Guanajibo,Caribbean,North America,340,0.011,102764,399,0,0,0
17,San Lorenzo,Gulf of California,North America,10046,0.012,88798,397,0,0,0
901,Argens,Mediterranean,Europe,2759,0.004,282739,394,0,0,0
1038,Dee,Irish Sea,Europe,1991,0.004,250795,392,0,0,0
555,Lakekamu,Gulf of Papua,Oceania,1861,0.09,11964,391,0,0,0
323,Ooi,Pacific,Asia,1292,0.003,314531,391,0,0,0
1453,Coig,Atlantic,South America,16369,0.026,40487,388,0,0,0
68,Cobre,Caribbean,North America,167,0.01,108088,384,0,0,0
1206,St. John,G. St. Lawrence,North America,55056,0.003,378335,381,0,0,0
556,Kumbe,Arafura Sea,Oceania,4248,0.047,22139,380,0,0,0
1122,Wadi Itwad,Red Sea,Eurasia,1730,0.016,66095,378,0,0,0
1269,Satilla,Atlantic,North America,8872,0.007,153858,375,0,0,0
1246,Santa Maria,Pacific,North America,4726,0.007,153828,375,0,0,0
904,Aude,Mediterranean,Europe,5269,0.004,264947,369,0,0,0
1321,Marowijne,Atlantic,South America,66115,0.038,26344,364,0,0,0
999,Drammenselva,North Sea,Europe,16553,0.006,177258,361,0,0,0
1331,Guapi,Pacific,South America,1922,0.034,29255,360,0,0,0
1109,Wadi al Jiza,Arabian Sea,Eurasia,17900,0.077,12833,359,0,0,0
1398,Acari,Pacific,South America,4485,0.039,25310,358,0,0,0
309,Shou,Sea of Japan,Asia,1757,0.003,287695,357,0,0,0
509,Kendawangan,Karimata Strait,Oceania,1815,0.047,20548,353,0,0,0
353,Potzu,South China Sea,Asia,427,0.006,170526,351,0,0,0
550,Bamu,Gulf of Papua,Oceania,10667,0.09,10667,349,0,0,0
892,Crati,Gulf of Tronto,Europe,2535,0.003,358376,347,0,0,0
361,Erhjen,South China Sea,Asia,354,0.006,166107,342,0,0,0
313,Mankyong,NoOcean,Asia,1408,0.001,1013463,342,0,0,0
549,Bian,Arafura Sea,Oceania,8010,0.047,19432,334,0,0,0
1201,Chehalis,Pacific,North America,5460,0.007,136342,333,0,0,0
1035,Usk,North Sea,Europe,1319,0.004,209408,327,0,0,0
24,Baluarte,Pacific,North America,5697,0.012,72764,326,0,0,0
1379,Huarmey,Pacific,South America,2217,0.039,23037,325,0,0,0
1389,Mala,Pacific,South America,2346,0.039,22932,324,0,0,0
1320,Mana,Atlantic,South America,12147,0.039,22736,320,0,0,0
1075,Mourne,Atlantic,Europe,2914,0.005,178131,319,0,0,0
1030,Exe,English Channel,Europe,1248,0.004,200618,313,0,0,0
882,Pescara,Mediterranean,Europe,2928,0.003,322444,312,0,0,0
1324,Mahuri,Atlantic,South America,3600,0.039,21491,303,0,0,0
1132,Wadi Watir,Red Sea,Africa,3502,0.122,6799,302,0,0,0
1074,Erne,Atlantic,Europe,4211,0.006,130178,302,0,0,0
845,Aliakmon,Mediterranean,Europe,6668,0.004,194000,300,0,0,0
1306,Tuira,Panama Bay,North America,10734,0.029,28127,299,0,0,0
684,Lokoundje,Gulf of Guinea,Africa,1415,0.038,21231,296,0,0,0
792,Keurbooms,Indian,Africa,1121,0.134,6001,293,0,0,0
1238,York,Chesapeake Bay,North America,3800,0.007,119430,291,0,0,0
229,Manawatu,Tasman Sea,Oceania,5855,0.007,118573,285,0,0,0
974,Oulujoki,Gulf of Bothnia,Europe,23543,0.005,166929,284,0,0,0
531,Lorentz,Arafura Sea,Oceania,6737,0.047,16479,283,0,0,0
1420,Copiapo,Pacific,South America,18438,0.011,70829,274,0,0,0
19,Piaxtla,Pacific,North America,6923,0.012,61042,273,0,0,0
1214,Saco,Atlantic,North America,4419,0.007,111555,272,0,0,0
119,Tabasara,Pacific,North America,1190,0.029,25565,271,0,0,0
793,Kromme,Indian,Africa,1013,0.134,5479,268,0,0,0
1343,Jipijapa,Pacific,South America,249,0.047,15620,267,0,0,0
1220,Klamath/Trinity,Pacific,North America,31176,0.007,108654,265,0,0,0
1400,Yauca,Pacific,South America,4376,0.039,18726,265,0,0,0
1070,Blackwater,Irish Sea,Europe,3243,0.009,82072,256,0,0,0
1213,"Smith, Umpqua",Pacific,North America,12105,0.007,103661,253,0,0,0
900,Var,Ligurian Sea,Europe,2831,0.004,181181,253,0,0,0
364,Tungkang,South China Sea,Asia,432,0.006,120402,248,0,0,0
887,Ofanto,Mediterranean,Europe,2907,0.003,252637,245,0,0,0
888,Bradano,Gulf of Tronto,Europe,3065,0.003,251571,244,0,0,0
1426,Choapa,Pacific,South America,7803,0.011,62829,244,0,0,0
316,Yura,Sea of Japan,Asia,1833,0.003,194941,242,0,0,0
320,Goumo,Sea of Japan,Asia,3906,0.003,191661,238,0,0,0
73,Marequelia,Pacific,North America,1109,0.012,52989,237,0,0,0
1054,Dee,North Sea,Europe,2139,0.004,151243,236,0,0,0
1252,Malibu,Pacific,North America,284,0.007,96638,236,0,0,0
1289,Ancho,Caribbean,South America,534,0.034,18812,231,0,0,0
193,Hunter,Tasman Sea,Oceania,21280,0.002,282171,227,0,0,0
567,Yukon,Bering Sea,North America,830804,0.006,107691,227,0,0,0
354,Hsiukuluan,Pacific,Asia,1786,0.006,110338,227,0,0,0
850,Acheloos,Ionian Sea,Europe,5430,0.004,155439,226,0,0,0
933,Deba,Bay of Biscay,Europe,532,0.006,111811,225,0,0,0
893,Sele,Mediterranean,Europe,3176,0.003,232119,225,0,0,0
906,Tet,Mediterranean,Europe,1403,0.004,159360,222,0,0,0
1456,Grande,Atlantic,South America,8517,0.026,22983,220,0,0,0
350,Hualien,Pacific,Asia,1514,0.006,104470,215,0,0,0
867,Savio,Mediterranean,Europe,1497,0.003,216852,210,0,0,0
1336,Verde,Pacific,South America,912,0.047,12095,207,0,0,0
1001,Skiensvassdraget,North Sea,Europe,10606,0.006,100732,205,0,0,0
931,Besaya,Atlantic,Europe,1042,0.006,100809,203,0,0,0
1073,Moy,Atlantic,Europe,1989,0.009,64813,202,0,0,0
589,MacKenzie,Beaufort Sea,North America,1658954,0.002,300887,202,0,0,0
367,Linpien,South China Sea,Asia,372,0.006,97787,201,0,0,0
1078,Slaney,Irish Sea,Europe,1773,0.009,63110,197,0,0,0
1195,Saguenay,G. St. Lawrence,North America,87887,0.002,291516,196,0,0,0
903,Herault,Gulf du Lion,Europe,2620,0.004,139877,195,0,0,0
1017,Kem,White Sea,Asia,37268,0.016,32641,195,0,0,0
1247,Santa Ynez,Pacific,North America,2334,0.007,79490,194,0,0,0
752,Omaruru,Atlantic,Africa,11661,0.097,5485,194,0,0,0
1293,Maticora,Caribbean,South America,2702,0.017,30333,193,0,0,0
37,Misantia,Gulf of Mexico,North America,444,0.012,42791,191,0,0,0
831,Bzybi,Black Sea,Eurasia,1547,0.034,15446,191,0,0,0
1025,Salso,Sicilian Channel,Europe,2035,0.003,195871,190,0,0,0
1447,Aisen,Pacific,South America,12323,0.011,48316,189,0,0,0
688,Como,Atlantic,Africa,7123,0.027,19392,189,0,0,0
220,Ngaruroro,Pacific,Oceania,3333,0.007,77932,187,0,0,0
1060,Tweed,North Sea,Europe,5005,0.004,119456,187,0,0,0
934,Oria,Bay of Biscay,Europe,271,0.006,92145,186,0,0,0
921,Sado,Atlantic,Europe,6145,0.005,95568,184,0,0,0
830,Kodori,Black Sea,Eurasia,2091,0.035,14530,183,0,0,0
7,Guaymas,Gulf of California,North America,6133,0.012,40845,183,0,0,0
1193,Skagit,Puget Sound,North America,8208,0.007,73941,180,0,0,0
872,Esino,Mediterranean,Europe,1153,0.003,182683,177,0,0,0
1458,Nadym,Arctic,Asia,54804,0.02,23573,176,0,0,0
978,Kemijoki,Gulf of Bothnia,Europe,52340,0.006,80705,175,0,0,0
875,Chienti,Mediterranean,Europe,1341,0.003,180095,174,0,0,0
362,Peinan,Pacific,Asia,1598,0.006,84484,174,0,0,0
1053,Don,North Sea,Europe,1316,0.004,109444,171,0,0,0
1057,Tay,North Sea,Europe,4992,0.004,109280,171,0,0,0
1059,Teith,North Sea,Europe,1512,0.004,108986,170,0,0,0
897,Ombrone,Mediterranean,Europe,3634,0.003,174296,169,0,0,0
1191,Nooksak,Puget Sound,North America,2162,0.005,95338,161,0,0,0
234,Hutt,Pacific,Oceania,604,0.007,66819,161,0,0,0
321,Seumjin,Tsushima Strait,Asia,4832,0.001,476082,160,0,0,0
1042,Eden,Irish Sea,Europe,2330,0.004,102100,159,0,0,0
276,Tumnin,Sea of Japan,Asia,21728,0.02,21186,158,0,0,0
1041,Lune,Irish Sea,Europe,1067,0.004,100916,158,0,0,0
505,Wiriagar,Seram Sea,Oceania,6244,0.047,9114,157,0,0,0
1131,Wadi Dam?,Red Sea,Eurasia,3881,0.016,27168,155,0,0,0
899,Magra,Ligurian Sea,Europe,1676,0.003,159402,154,0,0,0
861,Tagliamento,Mediterranean,Europe,2927,0.003,155276,153,0,0,0
873,Musone,Mediterranean,Europe,637,0.003,156910,152,0,0,0
255,Waimakariri,Pacific,Oceania,3595,0.007,60712,146,0,0,0
1036,Towry,Irish Sea,Europe,1321,0.004,90660,142,0,0,0
733,Manambao,Indian,Africa,7921,0.013,28736,140,0,0,0
44,Purificación,Pacific,North America,1564,0.012,30586,137,0,0,0
1334,Araguari,Atlantic,South America,42307,0.017,21462,135,0,0,0
779,Groen,Atlantic,Africa,4665,0.134,2738,134,0,0,0
967,Kyronjoki,Gulf of Bothnia,Europe,4449,0.005,77163,131,0,0,0
1315,Commewijne,Atlantic,South America,5069,0.027,13351,131,0,0,0
1027,Tirso,Mediterranean,Europe,3388,0.003,133413,129,0,0,0
1000,Numedalslagen,North Sea,Europe,5572,0.006,62070,126,0,0,0
880,Tronto,Mediterranean,Europe,1194,0.003,130292,126,0,0,0
914,Andarax,Mediterranean,Europe,2168,0.006,62365,126,0,0,0
511,Wapoga,Pacific,Oceania,5532,0.047,7263,125,0,0,0
918,Guadiaro,Mediterranean,Europe,1472,0.006,60789,122,0,0,0
889,Basento,Gulf of Tronto,Europe,1557,0.003,125425,121,0,0,0
1226,Eel,Pacific,North America,9376,0.007,49645,121,0,0,0
346,Hoping,Pacific,Asia,552,0.006,58462,120,0,0,0
267,Clutha,Pacific,Oceania,20677,0.007,48380,116,0,0,0
506,Kamundan,Arafura Sea,Oceania,5615,0.047,6724,116,0,0,0
1448,Deseado,Atlantic,South America,24002,0.026,12005,115,0,0,0
1248,Ventura,Pacific,North America,594,0.007,45727,112,0,0,0
2,Sondiata,Gulf of California,North America,12542,0.012,25102,111,0,0,0
870,Metauro,Mediterranean,Europe,1402,0.003,114033,110,0,0,0
203,Kaituna,Pacific,Oceania,1304,0.007,45349,109,0,0,0
968,Lapuanjoki,Gulf of Bothnia,Europe,4919,0.005,63493,108,0,0,0
1016,Kovda,White Sea,Asia,8536,0.02,14378,107,0,0,0
847,Sperchios,Mediterranean,Europe,1581,0.004,73271,106,0,0,0
935,Bidasoa,Bay of Biscay,Europe,720,0.005,56796,103,0,0,0
849,Alfios,Ionian Sea,Europe,3561,0.004,70489,102,0,0,0
178,East Fitzroy,Pacific,Oceania,140595,0.002,126871,102,0,0,0
279,Teshio,Sea of Japan,Asia,5578,0.003,82157,102,0,0,0
916,Guadalfeo,Mediterranean,Europe,1285,0.006,50640,102,0,0,0
1314,Nickerie,Atlantic,South America,9942,0.027,10345,101,0,0,0
745,Morondava,Indian,Africa,4330,0.013,20675,101,0,0,0
866,Lamone,Mediterranean,Europe,878,0.003,103394,100,0,0,0
62,Grande,Caribbean,North America,273,0.01,27670,98,0,0,0
869,Foglia,Mediterranean,Europe,702,0.003,101300,98,0,0,0
1031,Tamar,English Channel,Europe,961,0.004,61376,96,0,0,0
777,Spoeg,Atlantic,Africa,1504,0.134,1959,96,0,0,0
1318,Coppename,Atlantic,South America,21111,0.027,9702,95,0,0,0
886,Fortore,Mediterranean,Europe,1614,0.003,96554,94,0,0,0
527,Omba,Arafura Sea,Oceania,5290,0.047,5267,90,0,0,0
885,Biferno,Mediterranean,Europe,1322,0.003,92446,90,0,0,0
224,Whanganui,Tasman Sea,Oceania,7121,0.007,36968,89,0,0,0
992,Dalälven,Gulf of Bothnia,Europe,27246,0.001,244673,87,0,0,0
905,Orb,Gulf du Lion,Europe,1125,0.004,62192,87,0,0,0
883,Sangro,Mediterranean,Europe,1582,0.003,89237,86,0,0,0
874,Potenza,Mediterranean,Europe,794,0.003,88212,85,0,0,0
1257,San Mateo,Pacific,North America,346,0.007,34475,84,0,0,0
40,Tomatlan,Pacific,North America,1969,0.012,18700,84,0,0,0
881,Tavo,Mediterranean,Europe,597,0.003,84668,82,0,0,0
190,Clarence,Tasman Sea,Oceania,22123,0.002,101593,82,0,0,0
1126,Wadi Sadiyah,Red Sea,Eurasia,273,0.016,13904,80,0,0,0
236,Ruamahanga,Pacific,Oceania,3388,0.007,31948,77,0,0,0
971,Kalajoki,Gulf of Bothnia,Europe,4586,0.005,44512,76,0,0,0
328,Kumano,Pacific,Asia,2349,0.003,60051,75,0,0,0
67,La Unión,Pacific,North America,1187,0.012,16492,74,0,0,0
868,Marecchia,Mediterranean,Europe,527,0.003,67408,73,0,0,0
201,Waihou,Pacific,Oceania,1971,0.007,29924,72,0,0,0
84,Diego,Pacific,North America,346,0.012,15901,71,0,0,0
1002,Nidelv,North Sea,Europe,3790,0.006,34842,71,0,0,0
183,Burnett,Pacific,Oceania,33147,0.002,83679,67,0,0,0
1445,Palena,Pacific,South America,13188,0.026,7062,67,0,0,0
970,Paimionjoki,Baltic Sea,Europe,4268,0.005,39328,67,0,0,0
199,Wairua,Tasman Sea,Oceania,3465,0.007,27842,67,0,0,0
890,Agri,Gulf of Tronto,Europe,1738,0.003,68871,67,0,0,0
1045,Nith,Irish Sea,Europe,1238,0.004,42627,67,0,0,0
471,Belait,South China Sea,Asia,2438,0.004,44114,66,0,0,0
1024,Gela,Sicilian Channel,Europe,568,0.003,67875,66,0,0,0
843,Gallikos,Mediterranean,Europe,959,0.004,45144,66,0,0,0
1043,Esk,Irish Sea,Europe,1239,0.004,41345,65,0,0,0
755,Kuiseb,Atlantic,Africa,16775,0.097,1821,64,0,0,0
1307,Turbo,Caribbean,South America,179,0.034,5203,64,0,0,0
1421,Huasco,Pacific,South America,9777,0.011,16384,63,0,0,0
1169,Moose,James Bay,North America,108076,0.002,91527,61,0,0,0
929,Sella,Atlantic,Europe,1284,0.006,30395,61,0,0,0
848,Evrotas,Mediterranean,Europe,1966,0.004,41568,60,0,0,0
1326,Oyapoc,Atlantic,South America,25982,0.026,6264,60,0,0,0
1003,Otra,North Sea,Europe,3645,0.006,28441,58,0,0,0
884,Trigno,Mediterranean,Europe,1217,0.003,59157,57,0,0,0
12,Santo Domingo,Pacific,North America,4171,0.012,12514,56,0,0,0
927,Navia,Bay of Biscay,Europe,2580,0.006,27609,56,0,0,0
308,Sapgyo,Sea of Japan,Asia,958,0.001,162010,55,0,0,0
1137,Churchill,Hudson Bay,North America,303949,0.002,78526,53,0,0,0
876,Tenna,Mediterranean,Europe,487,0.003,54423,53,0,0,0
891,Sinni,Gulf of Tronto,Europe,1274,0.003,53882,52,0,0,0
277,Koppi,Sea of Japan,Asia,7327,0.02,6974,52,0,0,0
851,Arachthos,Ionian Sea,Europe,1894,0.004,35679,52,0,0,0
560,Kenai,Gulf of Alaska,North America,5644,0.007,20985,51,0,0,0
915,Adra,Mediterranean,Europe,749,0.006,25098,51,0,0,0
1454,Serrano,Pacific,South America,8667,0.024,5679,51,0,0,0
200,Piako,Pacific,Oceania,1496,0.007,20846,50,0,0,0
1037,Conway,Irish Sea,Europe,534,0.004,32078,50,0,0,0
1322,Sinnamary,Atlantic,South America,6521,0.039,3555,50,0,0,0
1242,Carmel,Pacific,North America,643,0.007,19862,48,0,0,0
1224,Mad,Pacific,North America,1313,0.007,19405,47,0,0,0
1052,Deveron,North Sea,Europe,1211,0.004,30237,47,0,0,0
307,Kurobe,Sea of Japan,Asia,687,0.003,37803,47,0,0,0
238,Tamar,Tasman Sea,Oceania,10214,0.002,57940,47,0,0,0
191,Macleay,Tasman Sea,Oceania,11344,0.002,57826,47,0,0,0
208,Tarawera,Pacific,Oceania,931,0.007,19282,46,0,0,0
995,Helgean,Baltic Sea,Europe,4404,0.001,132924,46,0,0,0
197,Shoalhaven,Tasman Sea,Oceania,6955,0.002,56713,46,0,0,0
1216,Coquille,Pacific,North America,2705,0.007,18709,46,0,0,0
871,Misa,Mediterranean,Europe,377,0.003,46919,45,0,0,0
1455,Gallegos,Atlantic,South America,3574,0.02,5945,43,0,0,0
6,San Miguel,Pacific,North America,1058,0.012,9519,43,0,0,0
22,Carrizal,Gulf of California,North America,1511,0.012,9380,42,0,0,0
996,Lagan,North Sea,Europe,5838,0.001,121041,42,0,0,0
976,Iijoki,Gulf of Bothnia,Europe,15943,0.005,24615,42,0,0,0
1058,Earn,North Sea,Europe,947,0.004,26546,41,0,0,0
221,Tukituki,Pacific,Oceania,2501,0.007,17056,41,0,0,0
979,Torne,Gulf of Bothnia,Europe,39543,0.003,41451,40,0,0,0
265,Taieri,Pacific,Oceania,5709,0.007,16538,40,0,0,0
1011,Pasvikely,Barents Sea,Europe,16061,0.015,7328,39,0,0,0
989,Indalsälven,Gulf of Bothnia,Europe,24616,0.001,110133,39,0,0,0
1205,Tillamook,Pacific,North America,1456,0.007,16108,39,0,0,0
1049,Ness,North Sea,Europe,1749,0.004,24481,38,0,0,0
853,Kalamas,Ionian Sea,Europe,1756,0.004,24895,38,0,0,0
503,Apauwar,Pacific,Oceania,2690,0.047,2192,38,0,0,0
975,Kiiminkijoki,Gulf of Bothnia,Europe,932,0.005,21905,37,0,0,0
269,Oreti,Foveaux Strait,Oceania,3451,0.007,15374,37,0,0,0
972,Pyhajoki,Gulf of Bothnia,Europe,3605,0.005,21535,37,0,0,0
969,Ahtavanjoki,Gulf of Bothnia,Europe,2357,0.005,21318,36,0,0,0
926,Eo,Atlantic,Europe,934,0.006,17550,35,0,0,0
1204,Nehalem,Pacific,North America,2221,0.007,14297,35,0,0,0
1044,Annan,Irish Sea,Europe,963,0.004,20942,33,0,0,0
852,Louros,Ionian Sea,Europe,828,0.004,21983,32,0,0,0
1172,Harricana,James Bay,North America,29323,0.002,44426,30,0,0,0
1211,Siuslaw,Pacific,North America,2009,0.007,12208,30,0,0,0
1056,South Esk,North Sea,Europe,611,0.004,18957,30,0,0,0
270,Mataura,Foveaux Strait,Oceania,5534,0.007,12308,30,0,0,0
1051,Spey,North Sea,Europe,2959,0.004,18375,29,0,0,0
470,Tutong,South China Sea,Asia,1012,0.002,49146,29,0,0,0
562,Matanuska,Gulf of Alaska,North America,5748,0.007,11614,28,0,0,0
877,Ete Vivo,Mediterranean,Europe,184,0.003,29242,28,0,0,0
228,Rangitikei,Tasman Sea,Oceania,3924,0.007,11596,28,0,0,0
209,Rangitaiki,Pacific,Oceania,3078,0.007,10737,26,0,0,0
253,Ashley,Pacific,Oceania,1212,0.007,10351,25,0,0,0
1208,Siletz,Pacific,North America,945,0.007,9902,24,0,0,0
210,Whakatane,Pacific,Oceania,1743,0.007,9888,24,0,0,0
1004,Mandalselva,North Sea,Europe,1794,0.006,11661,24,0,0,0
1309,Sambu,Panama Bay,North America,1390,0.029,2227,24,0,0,0
930,Deva,Atlantic,Europe,1219,0.006,11453,23,0,0,0
1013,Voronya,Barents Sea,Asia,8772,0.02,3053,23,0,0,0
117,Belen,Caribbean,North America,324,0.029,2154,23,0,0,0
1207,St. Croix,Gulf of Maine,North America,3944,0.004,16479,22,0,0,0
1210,Alsea,Pacific,North America,1170,0.007,9022,22,0,0,0
212,Glenelg,Great Australian Bight,Oceania,13234,0.002,26972,22,0,0,0
994,Emån,Baltic Sea,Europe,4358,0.001,62611,22,0,0,0
990,Ljungan,Gulf of Bothnia,Europe,12391,0.001,59571,21,0,0,0
1200,Miramichi,G. St. Lawrence,North America,11783,0.002,29896,20,0,0,0
1055,North Esk,North Sea,Europe,757,0.004,12804,20,0,0,0
973,Siikajoki,Gulf of Bothnia,Europe,4039,0.005,11399,19,0,0,0
991,Ljusnan,Gulf of Bothnia,Europe,19696,0.001,55733,19,0,0,0
168,Burdekin,Pacific,Oceania,129339,0.002,23730,19,0,0,0
1171,Nottaway,James Bay,North America,66270,0.002,28444,19,0,0,0
1231,Navarro,Pacific,North America,849,0.007,7779,19,0,0,0
231,Otaki,Tasman Sea,Oceania,345,0.007,7840,19,0,0,0
261,Orari,Pacific,Oceania,2379,0.007,7829,19,0,0,0
1215,Coos,Pacific,North America,1128,0.007,7655,19,0,0,0
1028,Golo,Mediterranean,Europe,1010,0.004,13182,18,0,0,0
1155,Skeena,Pacific,North America,52023,0.002,26573,18,0,0,0
561,Knik,Gulf of Alaska,North America,3121,0.007,7164,17,0,0,0
879,Tesino,Mediterranean,Europe,124,0.003,17677,17,0,0,0
195,Blackwood,Indian,Oceania,22574,0.002,21220,17,0,0,0
239,Wairau,Pacific,Oceania,3623,0.007,7104,17,0,0,0
1197,Restigouche,G. St. Lawrence,North America,11998,0.002,25157,17,0,0,0
1021,Mezen,White Sea,Asia,77149,0.02,2250,17,0,0,0
739,Hoanib,Atlantic,Africa,15859,0.097,471,17,0,0,0
244,Grey,Tasman Sea,Oceania,3938,0.007,6703,16,0,0,0
233,Motueka,Tasman Sea,Oceania,2028,0.007,6613,16,0,0,0
1048,Conon,North Sea,Europe,1179,0.004,10009,16,0,0,0
986,Ume-Vindel,Gulf of Bothnia,Europe,26379,0.001,36446,15,0,0,0
247,Derwent,Bass Strait,Oceania,8119,0.002,18747,15,0,0,0
566,Kuskokwim,Bering Sea,North America,121576,0.007,6191,15,0,0,0
878,Aso,Mediterranean,Europe,280,0.003,15547,15,0,0,0
1233,Gualala,Pacific,North America,770,0.007,6021,15,0,0,0
185,Burrum,Pacific,Oceania,2323,0.002,18026,15,0,0,0
1050,Findhorn,North Sea,Europe,895,0.004,8807,14,0,0,0
222,Patea,Tasman Sea,Oceania,1055,0.007,5682,14,0,0,0
1008,Malselvvassdraget,Arctic,Europe,4606,0.006,6677,14,0,0,0
776,Swartlinjies,Atlantic,Africa,1648,0.134,263,13,0,0,0
1007,Namsen,Norweigen Sea,Europe,6356,0.006,6251,13,0,0,0
205,Snowy,Tasman Sea,Oceania,15091,0.002,15640,13,0,0,0
1006,Sira,North Sea,Europe,1807,0.006,6052,12,0,0,0
1183,Squamish,Pacific,North America,3878,0.002,18270,12,0,0,0
1144,Hayes,Arctic,North America,108035,0.002,16310,11,0,0,0
131,Daly,Timor Sea,Oceania,54325,0.002,12860,10,0,0,0
211,Waioeka,Pacific,Oceania,1187,0.007,4134,10,0,0,0
262,Opihi,Pacific,Oceania,574,0.007,4114,10,0,0,0
164,Herbert,Pacific,Oceania,8894,0.002,11462,9,0,0,0
1005,Kvina,North Sea,Europe,1395,0.006,4476,9,0,0,0
1188,Exploits,Atlantic,North America,11293,0.002,13378,9,0,0,0
180,Boyne,Pacific,Oceania,1852,0.002,10998,9,0,0,0
260,Rangitata,Pacific,Oceania,2023,0.007,3678,9,0,0,0
563,Susitna,Gulf of Alaska,North America,50337,0.007,3588,9,0,0,0
1222,Redwood,Pacific,North America,721,0.007,3526,9,0,0,0
993,Vättern-Motalastrom,Baltic Sea,Europe,733,0.001,24495,8,0,0,0
226,Turakina,Tasman Sea,Oceania,985,0.007,3528,8,0,0,0
1159,Churchill small,Labrador Sea,North America,93099,0.002,12222,8,0,0,0
985,Skellefte,Gulf of Bothnia,Europe,11379,0.001,22855,8,0,0,0
1184,Gander,Atlantic,North America,5210,0.002,11286,8,0,0,0
981,Rane,Gulf of Bothnia,Europe,4391,0.001,21272,7,0,0,0
1189,Humber,Atlantic,North America,7731,0.002,10961,7,0,0,0
216,Wairoa,Pacific,Oceania,3643,0.007,3045,7,0,0,0
246,Hokitika,Tasman Sea,Oceania,1069,0.007,3045,7,0,0,0
225,Whangaehu,Tasman Sea,Oceania,2002,0.007,2976,7,0,0,0
151,Daintree,Pacific,Oceania,1299,0.002,8683,7,0,0,0
982,Lule,Gulf of Bothnia,Europe,23266,0.002,11992,7,0,0,0
268,Aparima,Foveaux Strait,Oceania,1554,0.007,2891,7,0,0,0
1009,Altavassdraget,Arctic,Europe,8900,0.006,3387,7,0,0,0
431,Pannam,Arabian Sea,Asia,1,0.009,2151,7,0,0,0
1460,Taz,Kara Sea,Asia,150264,0.02,909,7,0,0,0
189,Greenough,Indian,Oceania,12147,0.002,8048,6,0,0,0
1228,Matolle,Pacific,North America,765,0.007,2656,6,0,0,0
1163,Albany,James Bay,North America,135208,0.002,9639,6,0,0,0
977,Simojoki,Gulf of Bothnia,Europe,2232,0.005,3800,6,0,0,0
171,Prosperpine,Pacific,Oceania,1004,0.002,7837,6,0,0,0
983,Pite,Gulf of Bothnia,Europe,11624,0.001,12970,6,0,0,0
514,Wamma,Pacific,Oceania,502,0.047,334,6,0,0,0
215,Waipaoa,Pacific,Oceania,2199,0.007,2381,6,0,0,0
232,Takaka,Tasman Sea,Oceania,883,0.007,2274,5,0,0,0
984,Byske,Gulf of Bothnia,Europe,3655,0.001,15701,5,0,0,0
257,Rakaia,Pacific,Oceania,2960,0.007,2140,5,0,0,0
124,Adelaide,Arafura Sea,Oceania,7206,0.002,6017,5,0,0,0
223,Waitotara,Tasman Sea,Oceania,1143,0.007,2012,5,0,0,0
1446,Cisnes,Pacific,South America,5157,0.011,1065,4,0,0,0
204,Waiapu,Pacific,Oceania,1692,0.007,1676,4,0,0,0
161,Tully,Pacific,Oceania,1504,0.002,4905,4,0,0,0
988,Gide,Gulf of Bothnia,Europe,3632,0.001,11221,4,0,0,0
167,Ross,Pacific,Oceania,1207,0.002,4818,4,0,0,0
219,Tutaekuri,Pacific,Oceania,280,0.007,1580,4,0,0,0
181,Baffle Creek,Pacific,Oceania,2406,0.002,4585,4,0,0,0
242,Buller,Tasman Sea,Oceania,6419,0.007,1525,4,0,0,0
1449,Baker,Pacific,South America,26886,0.011,852,4,0,0,0
166,Haughton,Pacific,Oceania,2166,0.002,4244,3,0,0,0
1088,Lagartljot,Arctic,Europe,3239,0.006,1673,3,0,0,0
217,Mohaka,Pacific,Oceania,2448,0.007,1332,3,0,0,0
1149,Severn,Hudson Bay,North America,101605,0.002,4729,3,0,0,0
252,Waipara,Pacific,Oceania,203,0.007,1283,3,0,0,0
1092,Olfusa,Atlantic,Europe,5594,0.006,1505,3,0,0,0
980,Kalixälven,Gulf of Bothnia,Europe,16921,0.001,8863,3,0,0,0
165,Black,Pacific,Oceania,635,0.002,3764,3,0,0,0
248,Waiau,Pacific,Oceania,3392,0.007,1258,3,0,0,0
243,Clarence,Pacific,Oceania,3280,0.007,1255,3,0,0,0
196,Warren,Indian,Oceania,4365,0.002,3632,3,0,0,0
249,Hurunui,Pacific,Oceania,2690,0.007,1154,3,0,0,0
1452,Santa Cruz,Atlantic,South America,27052,0.011,689,3,0,0,0
173,Plane Creek,Pacific,Oceania,424,0.002,3200,3,0,0,0
1185,Manicouagan,G. St. Lawrence,North America,45800,0.002,3782,3,0,0,0
245,Taramakau,Tasman Sea,Oceania,1044,0.007,1025,2,0,0,0
263,Waitaki,Pacific,Oceania,11953,0.007,1001,2,0,0,0
182,Kolan,Pacific,Oceania,2536,0.002,2805,2,0,0,0
227,Porangahau,Pacific,Oceania,837,0.007,937,2,0,0,0
264,Kakanui,Pacific,Oceania,898,0.007,921,2,0,0,0
1047,Shin,North Sea,Europe,1234,0.004,1409,2,0,0,0
207,Motu,Pacific,Oceania,1417,0.007,890,2,0,0,0
214,Mokau,Tasman Sea,Oceania,1453,0.007,880,2,0,0,0
1217,Sixes,Pacific,North America,351,0.007,706,2,0,0,0
1079,Hvita,Atlantic,Europe,3632,0.006,833,2,0,0,0
565,Nushagak,Pacific,North America,34955,0.007,690,2,0,0,0
1138,Taku,Gulf of Alaska,North America,17514,0.007,690,2,0,0,0
1166,Rupert,James Bay,North America,42143,0.002,2340,2,0,0,0
1141,Speel,Pacific,North America,677,0.007,637,2,0,0,0
1179,Moisie,G. St. Lawrence,North America,19164,0.002,2307,2,0,0,0
266,Waiau,Foveaux Strait,Oceania,8220,0.007,642,2,0,0,0
1151,Winisk,Hudson Bay,North America,65911,0.002,2206,1,0,0,0
123,East Alligator,Arafura Sea,Oceania,7644,0.002,1824,1,0,0,0
175,Styx,Pacific,Oceania,1064,0.002,1773,1,0,0,0
602,Thelon,Hudson Bay,North America,203251,0.002,2126,1,0,0,0
987,Ore,Gulf of Bothnia,Europe,2570,0.001,3979,1,0,0,0
213,Uawa,Pacific,Oceania,550,0.007,550,1,0,0,0
169,DeGrey,Indian,Oceania,53312,0.002,1588,1,0,0,0
278,Zheltaya,Sea of Japan,Asia,7689,0.02,167,1,0,0,0
1187,Aux Outardes,G. St. Lawrence,North America,19001,0.002,1850,1,0,0,0
237,Pahaoa,Pacific,Oceania,645,0.007,494,1,0,0,0
578,Meade,Beaufort Sea,North America,12236,0.007,434,1,0,0,0
1081,Blanda,Arctic,Europe,2553,0.006,509,1,0,0,0
259,Ashburton NZ,Pacific,Oceania,420,0.007,420,1,0,0,0
1178,Romaine,G. St. Lawrence,North America,14380,0.002,1498,1,0,0,0
1152,Nass,Pacific,North America,19924,0.002,1334,1,0,0,0
1090,Thjorsa,Atlantic,Europe,8105,0.006,431,1,0,0,0
1161,Attawapiskat,James Bay,North America,50137,0.002,1311,1,0,0,0
1143,Koksoak,Ungava Bay,North America,136172,0.002,1200,1,0,0,0
1192,Portneuf,G. St. Lawrence,North America,1952,0.002,1060,1,0,0,0
172,Fortescue,Indian,Oceania,47808,0.002,879,1,0,0,0
177,Water Park Creek,Pacific,Oceania,438,0.002,876,1,0,0,0
176,Shoalwater Creek,Pacific,Oceania,434,0.002,867,1,0,0,0
1134,Chilkat,Pacific,North America,3973,0.007,255,1,0,0,0
1181,St. Marguerite,G. St. Lawrence,North America,6154,0.002,811,1,0,0,0
144,Mitchell,Gulf of Carpentaria,Oceania,63444,0.002,652,1,0,0,0
1010,Tana,Barents Sea,Europe,16713,0.006,257,1,0,0,0
170,Yale,Indian,Oceania,8614,0.002,637,1,0,0,0
289,Omono,Sea of Japan,Asia,0,0.003,350,0,0,0,0
1194,Cascapedia,G. St. Lawrence,North America,3135,0.002,646,0,0,0,0
218,Esk,Pacific,Oceania,166,0.007,166,0,0,0,0
1135,Seal,Hudson Bay,North America,50512,0.002,537,0,0,0,0
1150,Grand Baleine,James Bay,North America,41360,0.002,502,0,0,0,0
129,Finniss,Timor Sea,Oceania,2382,0.002,395,0,0,0,0
593,Coppermine,Arctic,North America,27786,0.002,466,0,0,0,0
235,Karamea,Tasman Sea,Oceania,1227,0.007,125,0,0,0,0
1198,Hoh,Pacific,North America,780,0.007,118,0,0,0,0
558,Alsek,Gulf of Alaska,North America,27635,0.002,423,0,0,0,0
241,Awatere,Pacific,Oceania,1601,0.007,116,0,0,0,0
1168,Broadback,James Bay,North America,21175,0.002,415,0,0,0,0
1147,Stikine,Gulf of Alaska,North America,50918,0.002,413,0,0,0,0
1325,Approuague,Atlantic,South America,9117,0.039,19,0,0,0,0
1165,Pontax,James Bay,North America,8101,0.002,388,0,0,0,0
1156,Grande Riviere,James Bay,North America,96980,0.002,343,0,0,0,0
230,Whareama,Pacific,Oceania,584,0.007,94,0,0,0,0
1140,Innuksuac,Hudson Bay,North America,10552,0.002,314,0,0,0,0
1190,Betsiamites,G. St. Lawrence,North America,19038,0.002,311,0,0,0,0
1164,Eastmain,James Bay,North America,46272,0.002,310,0,0,0,0
127,South Alligator,Arafura Sea,Oceania,11186,0.002,241,0,0,0,0
1158,Naskaupi,Labrador Sea,North America,14721,0.002,288,0,0,0,0
139,Normanby,Pacific,Oceania,13326,0.002,221,0,0,0,0
1162,Lewis,Atlantic,North America,465,0.002,185,0,0,0,0
1167,St. Paul,G. St. Lawrence,North America,7158,0.002,151,0,0,0,0
1083,Fnjoska,Arctic,Europe,1226,0.006,38,0,0,0,0
1177,St. Jean,G. St. Lawrence,North America,5570,0.002,95,0,0,0,0
1182,Natashquan,G. St. Lawrence,North America,16137,0.002,81,0,0,0,0
256,Haast,Tasman Sea,Oceania,1346,0.007,19,0,0,0,0
1087,Jokulsa a Dal,Arctic,Europe,3569,0.006,15,0,0,0,0
179,Calliope,Pacific,Oceania,826,0.002,33,0,0,0,0
592,Hornadby,Beaufort Sea,North America,14865,0.002,12,0,0,0,0
1091,Holsa,Atlantic,Europe,683,0.006,3,0,0,0,0
121,Johnson,Arafura Sea,Oceania,513,0,0,0,0,0,0
122,Liverpool,Arafura Sea,Oceania,7443,0,0,0,0,0,0
125,Mary,Arafura Sea,Oceania,7386,0,0,0,0,0,0
126,Wildman,Timor Sea,Oceania,2484,0,0,0,0,0,0
128,Pascoe,Pacific,Oceania,2016,0,0,0,0,0,0
130,Lockhart,Pacific,Oceania,762,0,0,0,0,0,0
132,Archer,Gulf of Carpentaria,Oceania,11940,0,0,0,0,0,0
133,Drysdale,Timor Sea,Oceania,15667,0,0,0,0,0,0
134,Moyle,Timor Sea,Oceania,3385,0,0,0,0,0,0
135,Stewart,Pacific,Oceania,834,0,0,0,0,0,0
136,Holroyd,Gulf of Carpentaria,Oceania,10053,0,0,0,0,0,0
137,King Edward,Timor Sea,Oceania,8450,0,0,0,0,0,0
138,Jeannie,Pacific,Oceania,1421,0,0,0,0,0,0
140,Roper,Gulf of Carpentaria,Oceania,77197,0,0,0,0,0,0
141,Fitzmaurice,Timor Sea,Oceania,6638,0,0,0,0,0,0
142,Coleman,Gulf of Carpentaria,Oceania,5173,0,0,0,0,0,0
143,Cox,Gulf of Carpentaria,Oceania,15283,0,0,0,0,0,0
145,Keep,Timor Sea,Oceania,4979,0,0,0,0,0,0
146,Victoria,Timor Sea,Oceania,99083,0,0,0,0,0,0
147,Endeavour,Pacific,Oceania,955,0,0,0,0,0,0
148,Ord,Timor Sea,Oceania,52488,0,0,0,0,0,0
149,Pentecost,Timor Sea,Oceania,14189,0,0,0,0,0,0
150,McArthur,Gulf of Carpentaria,Oceania,17912,0,0,0,0,0,0
152,Staaten,Gulf of Carpentaria,Oceania,25447,0,0,0,0,0,0
153,Isdell,Indian,Oceania,5507,0,0,0,0,0,0
154,Gilbert,Gulf of Carpentaria,Oceania,40421,0,0,0,0,0,0
155,Meda,Indian,Oceania,10036,0,0,0,0,0,0
156,Norman,Gulf of Carpentaria,Oceania,49253,0,0,0,0,0,0
157,Flinders,Gulf of Carpentaria,Oceania,107478,0,0,0,0,0,0
158,West Fitzroy,Indian,Oceania,95393,0,0,0,0,0,0
159,Albert,Gulf of Carpentaria,Oceania,4443,0,0,0,0,0,0
160,Leichardt,Gulf of Carpentaria,Oceania,32561,0,0,0,0,0,0
174,Ashburton,Indian,Oceania,76922,0,0,0,0,0,0
184,Gascoyne,Indian,Oceania,73515,0,0,0,0,0,0
186,Wooramel,Indian,Oceania,10476,0,0,0,0,0,0
188,Murchison,Indian,Oceania,65537,0,0,0,0,0,0
240,Mokihinui,Tasman Sea,Oceania,736,0,0,0,0,0,0
250,Waitaha,Tasman Sea,Oceania,326,0,0,0,0,0,0
251,Whataroa,Tasman Sea,Oceania,598,0,0,0,0,0,0
254,Waiho,Tasman Sea,Oceania,294,0,0,0,0,0,0
258,Arawata,Tasman Sea,Oceania,916,0,0,0,0,0,0
271,Tigil,Sea of Okhotsk,Asia,17693,0,0,0,0,0,0
272,Kamchatka,Bering Sea,Asia,53422,0,0,0,0,0,0
273,Uda,Sea of Okhotsk,Asia,61240,0,0,0,0,0,0
274,Tugur,Pacific,Asia,12099,0,0,0,0,0,0
559,Copper,Gulf of Alaska,North America,65394,0,0,0,0,0,0
564,Kvichak,Pacific,North America,20850,0,0,0,0,0,0
568,Koyuk,Bering Sea,North America,4812,0,0,0,0,0,0
569,Kuzitrin,Bering Sea,North America,10657,0,0,0,0,0,0
570,Selawik,Chukchi Sea,North America,14654,0,0,0,0,0,0
571,Kobuk,Chukchi Sea,North America,30094,0,0,0,0,0,0
572,Noatak,Chukchi Sea,North America,32668,0,0,0,0,0,0
573,Kukpuk,Arctic,North America,5772,0,0,0,0,0,0
574,Kukpowruk,Chukchi Sea,North America,4826,0,0,0,0,0,0
575,Kokulik,Chukchi Sea,North America,5786,0,0,0,0,0,0
576,Utukok,Chukchi Sea,North America,7528,0,0,0,0,0,0
577,Kelik,Arctic,North America,7037,0,0,0,0,0,0
579,Ikpikpuk,Beaufort Sea,North America,16487,0,0,0,0,0,0
580,Fish Creek,Arctic,North America,4453,0,0,0,0,0,0
581,Colville,Arctic,North America,59815,0,0,0,0,0,0
582,Kuparuk,Beaufort Sea,North America,9200,0,0,0,0,0,0
583,Sagavanirktok,Beaufort Sea,North America,12507,0,0,0,0,0,0
584,Kavik,Arctic,North America,6052,0,0,0,0,0,0
585,Canning,Beaufort Sea,North America,5206,0,0,0,0,0,0
586,Kongakut,Beaufort Sea,North America,3886,0,0,0,0,0,0
587,Firth,Arctic,North America,6075,0,0,0,0,0,0
588,Babbage,Beaufort Sea,North America,4314,0,0,0,0,0,0
590,Anderson,Beaufort Sea,North America,62009,0,0,0,0,0,0
591,Horton,Beaufort Sea,North America,23169,0,0,0,0,0,0
594,Tree,Arctic,North America,5571,0,0,0,0,0,0
595,Hood,Arctic,North America,13238,0,0,0,0,0,0
596,Burnside,Arctic,North America,22457,0,0,0,0,0,0
597,Ellice,Arctic,North America,16994,0,0,0,0,0,0
598,Back,Arctic,North America,108956,0,0,0,0,0,0
599,Kellet,Beaufort Sea,North America,9113,0,0,0,0,0,0
600,Lorillard,Hudson Bay,North America,11004,0,0,0,0,0,0
601,Quoich,Hudson Bay,North America,27602,0,0,0,0,0,0
603,Tha-anne,Hudson Bay,North America,4177,0,0,0,0,0,0
604,Thlewtazu,Hudson Bay,North America,49889,0,0,0,0,0,0
605,Amguema,Arctic,Asia,12846,0,0,0,0,0,0
606,Ioniveyem,Arctic,Asia,8410,0,0,0,0,0,0
629,Wadi Tamit,Mediterranean,Africa,0,0,0,0,0,0,0
737,Hoarusib,Atlantic,Africa,15076,0,0,0,0,0,0
744,Uniab,Atlantic,Africa,4163,0,0,0,0,0,0
747,Huab,Atlantic,Africa,16682,0,0,0,0,0,0
769,Holgat,Atlantic,Africa,1645,0,0,0,0,0,0
1014,Ponoy,White Sea,Asia,14223,0,0,0,0,0,0
1020,Kuloy,White Sea,Asia,12827,0,0,0,0,0,0
1023,Chernaya,Kara Sea,Asia,442,0,0,0,0,0,0
1080,Vatnsdalsa,Arctic,Europe,1110,0,0,0,0,0,0
1082,Austari-Vestari,Arctic,Europe,3294,0,0,0,0,0,0
1084,Skjalfandafljot,Arctic,Europe,3089,0,0,0,0,0,0
1085,Laxa,Arctic,Europe,2905,0,0,0,0,0,0
1086,Jokulsa a Fjollum,Arctic,Europe,7476,0,0,0,0,0,0
1089,Skafta,Atlantic,Europe,1736,0,0,0,0,0,0
1133,Kogaluc,Hudson Bay,North America,12273,0,0,0,0,0,0
1136,Aux Feuilles,Ungava Bay,North America,42075,0,0,0,0,0,0
1139,George,Ungava Bay,North America,40940,0,0,0,0,0,0
1142,Baleine,Ungava Bay,North America,31732,0,0,0,0,0,0
1146,Nastapoca,Hudson Bay,North America,14438,0,0,0,0,0,0
1148,Petit Baleine,Hudson Bay,North America,15739,0,0,0,0,0,0
1153,Kanairiktonk,Labrador Sea,North America,10027,0,0,0,0,0,0
1154,Roggan,James Bay,North America,9582,0,0,0,0,0,0
1157,Eagle,Labrador Sea,North America,11348,0,0,0,0,0,0
1160,Ekwan,James Bay,North America,18671,0,0,0,0,0,0
1170,St. Augustin,G. St. Lawrence,North America,6412,0,0,0,0,0,0
1173,Kliniklini,Pacific,North America,5862,0,0,0,0,0,0
1174,Homathko,Pacific,North America,5768,0,0,0,0,0,0
1175,Petit Mecatina,G. St. Lawrence,North America,19412,0,0,0,0,0,0
1176,Magpie,G. St. Lawrence,North America,7624,0,0,0,0,0,0
1180,Aguanus,G. St. Lawrence,North America,5857,0,0,0,0,0,0
1450,Pascua,Pacific,South America,14063,0,0,0,0,0,0
1451,Chico,Atlantic,South America,18176,0,0,0,0,0,0
1463,Lenivaya,Kara Sea,Asia,9223,0,0,0,0,0,0
1464,Taymyra,Kara Sea,Asia,118992,0,0,0,0,0,0
1465,Khatanga,Laptev Sea,Asia,300972,0,0,0,0,0,0
1466,Anabar,Laptev Sea,Asia,90456,0,0,0,0,0,0
1467,Uele,Laptev Sea,Asia,19526,0,0,0,0,0,0
1468,Olenyok,Laptev Sea,Asia,219223,0,0,0,0,0,0
1470,Omoloy,Laptev Sea,Asia,39149,0,0,0,0,0,0
1471,Yana,Laptev Sea,Asia,234915,0,0,0,0,0,0
1472,Nychcha,Laptev Sea,Asia,20627,0,0,0,0,0,0
1473,Khroma,Laptev Sea,Asia,41461,0,0,0,0,0,0
1474,Indigirka,Siberian Sea,Asia,341388,0,0,0,0,0,0
1475,Alazeya,Siberian Sea,Asia,60668,0,0,0,0,0,0
1476,Chuk-ochy,Arctic,Asia,20929,0,0,0,0,0,0
1477,Kolyma,Siberian Sea,Asia,655334,0,0,0,0,0,0
1478,Rauchua,Arctic,Asia,14081,0,0,0,0,0,0
1479,Polyavaam,Arctic,Asia,11938,0,0,0,0,0,0
1480,Pegtymel,Arctic,Asia,20970,0,0,0,0,0,0
1481,Anadyr,Bering Sea,Asia,171999,0,0,0,0,0,0
1482,Velikaya,Bering Sea,Asia,31411,0,0,0,0,0,0
1483,Takhoyams,Bering Sea,Asia,10373,0,0,0,0,0,0
1484,Apuko,Bering Sea,Asia,13956,0,0,0,0,0,0
1485,Pakhacha,Bering Sea,Asia,10967,0,0,0,0,0,0
1486,Kamchatka,Bering Sea,Asia,53283,0,0,0,0,0,0
1487,Tigil,Sea of Okhotsk,Asia,17678,0,0,0,0,0,0
1488,Penzhina,Sea of Okhotsk,Asia,60471,0,0,0,0,0,0
1489,Gizhiga,Sea of Okhotsk,Asia,12214,0,0,0,0,0,0
1490,Tauyo,Sea of Okhotsk,Asia,26229,0,0,0,0,0,0
1491,Imya,Sea of Okhotsk,Asia,19439,0,0,0,0,0,0
1492,Ulbeya,Sea of Okhotsk,Asia,13547,0,0,0,0,0,0
1493,Okhota,Sea of Okhotsk,Asia,20785,0,0,0,0,0,0
1494,Ketanda,Sea of Okhotsk,Asia,10855,0,0,0,0,0,0